-- phpMyAdmin SQL Dump
-- version 4.9.0.1
-- https://www.phpmyadmin.net/
--
-- Host: 127.0.0.1
-- Generation Time: Sep 14, 2019 at 08:29 AM
-- Server version: 10.3.16-MariaDB
-- PHP Version: 7.1.30

SET SQL_MODE = "NO_AUTO_VALUE_ON_ZERO";
SET AUTOCOMMIT = 0;
START TRANSACTION;
SET time_zone = "+00:00";


/*!40101 SET @OLD_CHARACTER_SET_CLIENT=@@CHARACTER_SET_CLIENT */;
/*!40101 SET @OLD_CHARACTER_SET_RESULTS=@@CHARACTER_SET_RESULTS */;
/*!40101 SET @OLD_COLLATION_CONNECTION=@@COLLATION_CONNECTION */;
/*!40101 SET NAMES utf8mb4 */;

--
-- Database: `nextsent_vocabzy`
--

-- --------------------------------------------------------

--
-- Table structure for table `options`
--

CREATE TABLE `options` (
  `id` int(11) NOT NULL,
  `option` varchar(40) DEFAULT NULL,
  `value` int(11) DEFAULT NULL
) ENGINE=MyISAM DEFAULT CHARSET=utf8;

--
-- Dumping data for table `options`
--

INSERT INTO `options` (`id`, `option`, `value`) VALUES
(24, 'price', 10000),
(20, 'trial_days', 30);

-- --------------------------------------------------------

--
-- Table structure for table `plans`
--

CREATE TABLE `plans` (
  `id` int(10) UNSIGNED NOT NULL,
  `plan_name` varchar(191) DEFAULT NULL,
  `during_days` int(10) DEFAULT NULL,
  `plan_price` int(10) DEFAULT NULL
) ENGINE=InnoDB DEFAULT CHARSET=utf8;

--
-- Dumping data for table `plans`
--

INSERT INTO `plans` (`id`, `plan_name`, `during_days`, `plan_price`) VALUES
(1, 'TRIAL', 30, NULL),
(2, 'BASIC', 365, 480),
(3, 'UPGRADE', 730, 880),
(4, 'PREMIUM', 1095, 1200);

-- --------------------------------------------------------

--
-- Table structure for table `rosters`
--

CREATE TABLE `rosters` (
  `id` int(11) NOT NULL,
  `name` varchar(50) DEFAULT NULL,
  `teacher_id` int(11) DEFAULT 0,
  `grade` tinyint(4) NOT NULL DEFAULT 0,
  `workspace_id` int(11) DEFAULT NULL
) ENGINE=MyISAM DEFAULT CHARSET=utf8;

--
-- Dumping data for table `rosters`
--

INSERT INTO `rosters` (`id`, `name`, `teacher_id`, `grade`, `workspace_id`) VALUES
(1, 'TK', 134, 1, 132),
(5, 'Kinder', 138, 2, 132),
(6, 'Grade 1', 139, 3, 132),
(7, 'Grade 2', 140, 4, 132),
(8, 'Grade 3', 141, 5, 132),
(9, 'Grade 4', 142, 6, 132),
(10, 'Grade 5', 143, 7, 132),
(11, 'Grade 6', 144, 8, 132),
(12, 'Grade 7', 145, 9, 132),
(13, 'Grade 8', 146, 10, 132),
(14, 'TK', 151, 1, 149);

-- --------------------------------------------------------

--
-- Table structure for table `students_tests`
--

CREATE TABLE `students_tests` (
  `id` int(11) NOT NULL,
  `student_id` int(11) DEFAULT NULL,
  `test_id` int(11) DEFAULT NULL,
  `created` timestamp NULL DEFAULT current_timestamp(),
  `status` tinyint(4) DEFAULT 4,
  `banned` tinyint(4) NOT NULL DEFAULT 0,
  `not_fullscreen` tinyint(4) NOT NULL DEFAULT 0,
  `workspace_id` int(11) DEFAULT NULL
) ENGINE=MyISAM DEFAULT CHARSET=utf8;

--
-- Dumping data for table `students_tests`
--

INSERT INTO `students_tests` (`id`, `student_id`, `test_id`, `created`, `status`, `banned`, `not_fullscreen`, `workspace_id`) VALUES
(1, 135, 1, '2019-03-29 17:31:35', 2, 0, 0, 132),
(2, 135, 2, '2019-03-29 20:21:08', 2, 0, 1, 132),
(3, 136, 2, '2019-03-29 23:09:04', 2, 0, 0, 132),
(4, 137, 2, '2019-04-01 18:25:30', 2, 0, 0, 132),
(5, 136, 4, '2019-04-01 21:02:11', 1, 0, 1, 132),
(6, 136, 4, '2019-04-01 21:04:57', 1, 0, 1, 132),
(7, 136, 4, '2019-04-01 21:06:09', 1, 0, 1, 132),
(8, 136, 4, '2019-04-01 21:06:44', 1, 0, 1, 132),
(9, 136, 4, '2019-04-01 21:08:01', 1, 0, 0, 132),
(10, 136, 4, '2019-04-01 21:08:30', 1, 0, 0, 132),
(11, 136, 4, '2019-04-01 21:09:24', 1, 0, 0, 132),
(23, 156, 14, '2019-09-14 01:52:17', 2, 0, 1, 149),
(22, 156, 13, '2019-09-13 18:44:02', 2, 0, 1, 149);

-- --------------------------------------------------------

--
-- Table structure for table `students_tests_answers`
--

CREATE TABLE `students_tests_answers` (
  `id` int(11) NOT NULL,
  `students_tests_id` int(11) DEFAULT 0,
  `answer` varchar(30) DEFAULT '',
  `wo3_blends` tinyint(4) DEFAULT 0,
  `wo3_vowels` tinyint(4) DEFAULT 0,
  `wo3_complex` tinyint(4) DEFAULT 0,
  `wo3_inflected` tinyint(4) DEFAULT 0,
  `wo3_unnacented` tinyint(4) DEFAULT 0,
  `wo3_affixes` tinyint(4) DEFAULT 0,
  `wo3_reduced` tinyint(4) DEFAULT 0,
  `wo3_greek` tinyint(4) DEFAULT 0,
  `wo3_assimilated` tinyint(4) DEFAULT 0,
  `wo1_beginning` tinyint(4) DEFAULT 0,
  `wo1_final` tinyint(4) DEFAULT 0,
  `wo1_short` tinyint(4) DEFAULT 0,
  `wo1_consonant` tinyint(4) DEFAULT 0,
  `wo1_conblends` tinyint(4) DEFAULT 0,
  `wo1_longvow` tinyint(4) DEFAULT 0,
  `wo1_othervow` tinyint(4) DEFAULT 0,
  `wo1_inflected` tinyint(4) DEFAULT 0,
  `wo2_beginning` tinyint(4) DEFAULT 0,
  `wo2_final` tinyint(4) DEFAULT 0,
  `wo2_short` tinyint(4) DEFAULT 0,
  `wo2_consonant` tinyint(4) DEFAULT 0,
  `wo2_conblends` tinyint(4) DEFAULT 0,
  `wo2_longvow` tinyint(4) DEFAULT 0,
  `wo2_othervow` tinyint(4) DEFAULT 0,
  `wo2_inflected` tinyint(4) DEFAULT 0,
  `wo2_syllable` tinyint(4) DEFAULT 0,
  `wo2_unacented` tinyint(4) DEFAULT 0,
  `wo2_harder` tinyint(4) DEFAULT 0,
  `wo2_base` tinyint(4) DEFAULT 0,
  `word_id` int(11) DEFAULT 0,
  `created` timestamp NULL DEFAULT current_timestamp(),
  `word_ok` tinyint(4) DEFAULT 0,
  `workspace_id` int(11) DEFAULT NULL
) ENGINE=MyISAM DEFAULT CHARSET=utf8;

--
-- Dumping data for table `students_tests_answers`
--

INSERT INTO `students_tests_answers` (`id`, `students_tests_id`, `answer`, `wo3_blends`, `wo3_vowels`, `wo3_complex`, `wo3_inflected`, `wo3_unnacented`, `wo3_affixes`, `wo3_reduced`, `wo3_greek`, `wo3_assimilated`, `wo1_beginning`, `wo1_final`, `wo1_short`, `wo1_consonant`, `wo1_conblends`, `wo1_longvow`, `wo1_othervow`, `wo1_inflected`, `wo2_beginning`, `wo2_final`, `wo2_short`, `wo2_consonant`, `wo2_conblends`, `wo2_longvow`, `wo2_othervow`, `wo2_inflected`, `wo2_syllable`, `wo2_unacented`, `wo2_harder`, `wo2_base`, `word_id`, `created`, `word_ok`, `workspace_id`) VALUES
(1, 1, 'fun', 0, 0, 0, 0, 0, 0, 0, 0, 0, 1, 1, 0, 0, 0, 0, 0, 0, 0, 0, 0, 0, 0, 0, 0, 0, 0, 0, 0, 0, 1, '2019-03-29 17:31:45', 0, 132),
(2, 1, 'osadoa', 0, 0, 0, 0, 0, 0, 0, 0, 0, 0, 0, 0, 0, 0, 0, 0, 0, 0, 0, 0, 0, 0, 0, 0, 0, 0, 0, 0, 0, 2, '2019-03-29 17:31:47', 0, 132),
(3, 1, 'aksds', 0, 0, 0, 0, 0, 0, 0, 0, 0, 0, 0, 0, 0, 0, 0, 0, 0, 0, 0, 0, 0, 0, 0, 0, 0, 0, 0, 0, 0, 3, '2019-03-29 17:31:51', 0, 132),
(4, 1, 'asdoso', 0, 0, 0, 0, 0, 0, 0, 0, 0, 0, 0, 1, 0, 0, 0, 0, 0, 0, 0, 0, 0, 0, 0, 0, 0, 0, 0, 0, 0, 4, '2019-03-29 17:31:54', 0, 132),
(5, 1, 'asods', 0, 0, 0, 0, 0, 0, 0, 0, 0, 0, 0, 0, 0, 0, 0, 0, 0, 0, 0, 0, 0, 0, 0, 0, 0, 0, 0, 0, 0, 5, '2019-03-29 17:31:57', 0, 132),
(6, 1, 'soosos', 0, 0, 0, 0, 0, 0, 0, 0, 0, 0, 0, 0, 0, 0, 0, 0, 0, 0, 0, 0, 0, 0, 0, 0, 0, 0, 0, 0, 0, 6, '2019-03-29 17:32:00', 0, 132),
(7, 1, 'asoso', 0, 0, 0, 0, 0, 0, 0, 0, 0, 0, 0, 0, 0, 0, 0, 0, 0, 0, 0, 0, 0, 0, 0, 0, 0, 0, 0, 0, 0, 7, '2019-03-29 17:32:02', 0, 132),
(8, 1, 'asosos', 0, 0, 0, 0, 0, 0, 0, 0, 0, 0, 0, 0, 0, 0, 0, 0, 0, 0, 0, 0, 0, 0, 0, 0, 0, 0, 0, 0, 0, 8, '2019-03-29 17:32:05', 0, 132),
(9, 1, 'oasods', 0, 0, 0, 0, 0, 0, 0, 0, 0, 0, 0, 0, 0, 0, 0, 0, 0, 0, 0, 0, 0, 0, 0, 0, 0, 0, 0, 0, 0, 9, '2019-03-29 17:32:08', 0, 132),
(10, 1, 'kssks', 0, 0, 0, 0, 0, 0, 0, 0, 0, 0, 0, 0, 0, 0, 0, 0, 0, 0, 0, 0, 0, 0, 0, 0, 0, 0, 0, 0, 0, 10, '2019-03-29 17:32:10', 0, 132),
(11, 1, 'soosos', 0, 0, 0, 0, 0, 0, 0, 0, 0, 0, 0, 0, 0, 0, 0, 0, 0, 0, 0, 0, 0, 0, 0, 0, 0, 0, 0, 0, 0, 11, '2019-03-29 17:32:13', 0, 132),
(12, 1, 'asood', 0, 0, 0, 0, 0, 0, 0, 0, 0, 0, 0, 0, 0, 0, 0, 0, 0, 0, 0, 0, 0, 0, 0, 0, 0, 0, 0, 0, 0, 12, '2019-03-29 17:32:16', 0, 132),
(13, 1, 'oasos', 0, 0, 0, 0, 0, 0, 0, 0, 0, 0, 0, 0, 0, 0, 1, 0, 0, 0, 0, 0, 0, 0, 0, 0, 0, 0, 0, 0, 0, 13, '2019-03-29 17:32:19', 0, 132),
(14, 1, 'osoos', 0, 0, 0, 0, 0, 0, 0, 0, 0, 0, 0, 0, 0, 0, 0, 0, 0, 0, 0, 0, 0, 0, 0, 0, 0, 0, 0, 0, 0, 14, '2019-03-29 17:32:21', 0, 132),
(15, 1, 'oasoaso', 0, 0, 0, 0, 0, 0, 0, 0, 0, 0, 0, 0, 0, 0, 0, 0, 0, 0, 0, 0, 0, 0, 0, 0, 0, 0, 0, 0, 0, 15, '2019-03-29 17:32:24', 0, 132),
(16, 1, 'asoopas', 0, 0, 0, 0, 0, 0, 0, 0, 0, 0, 0, 0, 0, 0, 0, 0, 0, 0, 0, 0, 0, 0, 0, 0, 0, 0, 0, 0, 0, 16, '2019-03-29 17:32:26', 0, 132),
(17, 1, 'asodooaps', 0, 0, 0, 0, 0, 0, 0, 0, 0, 0, 0, 0, 0, 0, 0, 0, 0, 0, 0, 0, 0, 0, 0, 0, 0, 0, 0, 0, 0, 17, '2019-03-29 17:32:29', 0, 132),
(18, 1, 'asoosa', 0, 0, 0, 0, 0, 0, 0, 0, 0, 0, 0, 0, 0, 0, 0, 0, 0, 0, 0, 0, 0, 0, 0, 0, 0, 0, 0, 0, 0, 18, '2019-03-29 17:32:33', 0, 132),
(19, 1, 'kass', 0, 0, 0, 0, 0, 0, 0, 0, 0, 0, 0, 0, 0, 0, 0, 0, 0, 0, 0, 0, 0, 0, 0, 0, 0, 0, 0, 0, 0, 19, '2019-03-29 17:32:35', 0, 132),
(20, 1, 'assaoa', 0, 0, 0, 0, 0, 0, 0, 0, 0, 0, 0, 0, 0, 0, 0, 0, 0, 0, 0, 0, 0, 0, 0, 0, 0, 0, 0, 0, 0, 20, '2019-03-29 17:32:37', 0, 132),
(21, 1, 'aosoas', 0, 0, 0, 0, 0, 0, 0, 0, 0, 0, 0, 0, 0, 0, 0, 0, 0, 0, 0, 0, 0, 0, 0, 0, 0, 0, 0, 0, 0, 21, '2019-03-29 17:32:39', 0, 132),
(22, 1, 'adasda', 0, 0, 0, 0, 0, 0, 0, 0, 0, 0, 0, 0, 0, 0, 0, 0, 0, 0, 0, 0, 0, 0, 0, 0, 0, 0, 0, 0, 0, 22, '2019-03-29 17:32:42', 0, 132),
(23, 1, 'asdas', 0, 0, 0, 0, 0, 0, 0, 0, 0, 0, 0, 0, 0, 0, 0, 0, 0, 0, 0, 0, 0, 0, 0, 0, 0, 0, 0, 0, 0, 23, '2019-03-29 17:32:45', 0, 132),
(24, 1, 'oasoas', 0, 0, 0, 0, 0, 0, 0, 0, 0, 0, 0, 0, 0, 0, 0, 0, 0, 0, 0, 0, 0, 0, 0, 0, 0, 0, 0, 0, 0, 24, '2019-03-29 17:32:48', 0, 132),
(25, 1, 'osoas', 0, 0, 0, 0, 0, 0, 0, 0, 0, 0, 0, 0, 0, 0, 0, 0, 0, 0, 0, 0, 0, 0, 0, 0, 0, 0, 0, 0, 0, 25, '2019-03-29 17:32:51', 0, 132),
(26, 1, 'sisis', 0, 0, 0, 0, 0, 0, 0, 0, 0, 0, 0, 0, 0, 0, 0, 0, 0, 0, 0, 0, 0, 0, 0, 0, 0, 0, 0, 0, 0, 26, '2019-03-29 17:32:53', 0, 132),
(35, 2, 'place', 0, 0, 0, 0, 0, 0, 0, 0, 0, 0, 0, 1, 0, 0, 0, 0, 0, 0, 0, 0, 0, 0, 0, 0, 0, 0, 0, 0, 0, 1, '2019-03-29 20:29:52', 0, 132),
(36, 2, 'hope', 0, 0, 0, 0, 0, 0, 0, 0, 0, 0, 0, 1, 0, 0, 0, 0, 0, 0, 0, 0, 0, 0, 0, 0, 0, 0, 0, 0, 0, 2, '2019-03-29 20:29:56', 0, 132),
(37, 2, 'take', 0, 0, 0, 0, 0, 0, 0, 0, 0, 0, 0, 0, 0, 0, 0, 0, 0, 0, 0, 0, 0, 0, 0, 0, 0, 0, 0, 0, 0, 3, '2019-03-29 20:30:02', 0, 132),
(38, 2, 'robe', 0, 0, 0, 0, 0, 0, 0, 0, 0, 1, 1, 1, 0, 0, 0, 0, 0, 0, 0, 0, 0, 0, 0, 0, 0, 0, 0, 0, 0, 4, '2019-03-29 20:30:06', 0, 132),
(39, 2, 'hope', 0, 0, 0, 0, 0, 0, 0, 0, 0, 1, 1, 0, 0, 0, 1, 0, 0, 0, 0, 0, 0, 0, 0, 0, 0, 0, 0, 0, 0, 5, '2019-03-29 20:30:11', 1, 132),
(40, 2, 'wait', 0, 0, 0, 0, 0, 0, 0, 0, 0, 1, 1, 0, 0, 0, 1, 0, 0, 0, 0, 0, 0, 0, 0, 0, 0, 0, 0, 0, 0, 6, '2019-03-29 20:30:15', 1, 132),
(41, 2, 'come', 0, 0, 0, 0, 0, 0, 0, 0, 0, 0, 1, 0, 0, 0, 0, 0, 0, 0, 0, 0, 0, 0, 0, 0, 0, 0, 0, 0, 0, 7, '2019-03-29 20:30:19', 0, 132),
(42, 2, 'sad', 0, 0, 0, 0, 0, 0, 0, 0, 0, 0, 0, 0, 0, 0, 0, 0, 0, 0, 0, 0, 0, 0, 0, 0, 0, 0, 0, 0, 0, 8, '2019-03-29 21:45:43', 0, 132),
(43, 2, 'stick', 0, 0, 0, 0, 0, 0, 0, 0, 0, 0, 0, 1, 0, 1, 0, 0, 0, 0, 0, 0, 0, 0, 0, 0, 0, 0, 0, 0, 0, 9, '2019-03-29 21:45:50', 1, 132),
(44, 2, 'shine', 0, 0, 0, 0, 0, 0, 0, 0, 0, 0, 0, 0, 1, 0, 1, 0, 0, 0, 0, 0, 0, 0, 0, 0, 0, 0, 0, 0, 0, 10, '2019-03-29 21:45:55', 1, 132),
(45, 2, 'dream', 0, 0, 0, 0, 0, 0, 0, 0, 0, 0, 0, 0, 0, 1, 1, 0, 0, 0, 0, 0, 0, 0, 0, 0, 0, 0, 0, 0, 0, 11, '2019-03-29 21:46:06', 1, 132),
(46, 2, 'blade', 0, 0, 0, 0, 0, 0, 0, 0, 0, 0, 0, 0, 0, 1, 1, 0, 0, 0, 0, 0, 0, 0, 0, 0, 0, 0, 0, 0, 0, 12, '2019-03-29 21:46:12', 1, 132),
(47, 2, 'coat', 0, 0, 0, 0, 0, 0, 0, 0, 0, 0, 0, 0, 0, 0, 1, 0, 0, 0, 0, 0, 0, 0, 0, 0, 0, 0, 0, 0, 0, 13, '2019-03-29 21:46:17', 0, 132),
(48, 2, 'fright', 0, 0, 0, 0, 0, 0, 0, 0, 0, 0, 0, 0, 0, 1, 1, 0, 0, 0, 0, 0, 0, 0, 0, 0, 0, 0, 0, 0, 0, 14, '2019-03-29 21:46:23', 1, 132),
(49, 2, 'tooth', 0, 0, 0, 0, 0, 0, 0, 0, 0, 0, 0, 0, 0, 0, 0, 0, 0, 0, 0, 0, 0, 0, 0, 0, 0, 0, 0, 0, 0, 15, '2019-03-29 21:46:30', 0, 132),
(50, 2, 'crawl', 0, 0, 0, 0, 0, 0, 0, 0, 0, 0, 0, 0, 0, 1, 0, 1, 0, 0, 0, 0, 0, 0, 0, 0, 0, 0, 0, 0, 0, 16, '2019-03-29 21:46:36', 1, 132),
(51, 2, 'wishes', 0, 0, 0, 0, 0, 0, 0, 0, 0, 0, 0, 0, 1, 0, 0, 0, 1, 0, 0, 0, 0, 0, 0, 0, 0, 0, 0, 0, 0, 17, '2019-03-29 21:46:41', 1, 132),
(52, 2, 'torn', 0, 0, 0, 0, 0, 0, 0, 0, 0, 0, 0, 0, 0, 0, 0, 1, 0, 0, 0, 0, 0, 0, 0, 0, 0, 0, 0, 0, 0, 18, '2019-03-29 21:46:46', 0, 132),
(53, 2, 'shouted', 0, 0, 0, 0, 0, 0, 0, 0, 0, 0, 0, 0, 1, 0, 0, 1, 1, 0, 0, 0, 0, 0, 0, 0, 0, 0, 0, 0, 0, 19, '2019-03-29 21:46:51', 1, 132),
(54, 2, 'spoil', 0, 0, 0, 0, 0, 0, 0, 0, 0, 0, 0, 0, 0, 1, 0, 1, 0, 0, 0, 0, 0, 0, 0, 0, 0, 0, 0, 0, 0, 20, '2019-03-29 21:46:55', 1, 132),
(55, 2, 'growl', 0, 0, 0, 0, 0, 0, 0, 0, 0, 0, 0, 0, 0, 0, 0, 1, 0, 0, 0, 0, 0, 0, 0, 0, 0, 0, 0, 0, 0, 21, '2019-03-29 21:47:03', 1, 132),
(56, 2, 'third', 0, 0, 0, 0, 0, 0, 0, 0, 0, 0, 0, 0, 1, 0, 0, 1, 0, 0, 0, 0, 0, 0, 0, 0, 0, 0, 0, 0, 0, 22, '2019-03-29 21:47:10', 1, 132),
(57, 2, 'camped', 0, 0, 0, 0, 0, 0, 0, 0, 0, 0, 0, 0, 0, 0, 0, 0, 1, 0, 0, 0, 0, 0, 0, 0, 0, 0, 0, 0, 0, 23, '2019-03-29 21:47:14', 1, 132),
(58, 2, 'tries', 0, 0, 0, 0, 0, 0, 0, 0, 0, 0, 0, 0, 0, 0, 0, 0, 1, 0, 0, 0, 0, 0, 0, 0, 0, 0, 0, 0, 0, 24, '2019-03-29 21:47:18', 1, 132),
(59, 2, 'clapping', 0, 0, 0, 0, 0, 0, 0, 0, 0, 0, 0, 0, 0, 0, 0, 0, 1, 0, 0, 0, 0, 0, 0, 0, 0, 0, 0, 0, 0, 25, '2019-03-29 21:47:23', 1, 132),
(60, 2, 'ridding', 0, 0, 0, 0, 0, 0, 0, 0, 0, 0, 0, 0, 0, 0, 0, 0, 1, 0, 0, 0, 0, 0, 0, 0, 0, 0, 0, 0, 0, 26, '2019-03-29 21:47:27', 0, 132),
(61, 3, 'place', 0, 0, 0, 0, 0, 0, 0, 0, 0, 0, 0, 1, 0, 0, 0, 0, 0, 0, 0, 0, 0, 0, 0, 0, 0, 0, 0, 0, 0, 1, '2019-03-29 23:09:11', 0, 132),
(62, 3, 'hope', 0, 0, 0, 0, 0, 0, 0, 0, 0, 0, 0, 1, 0, 0, 0, 0, 0, 0, 0, 0, 0, 0, 0, 0, 0, 0, 0, 0, 0, 2, '2019-03-29 23:09:16', 0, 132),
(63, 3, 'take', 0, 0, 0, 0, 0, 0, 0, 0, 0, 0, 0, 0, 0, 0, 0, 0, 0, 0, 0, 0, 0, 0, 0, 0, 0, 0, 0, 0, 0, 3, '2019-03-29 23:09:21', 0, 132),
(64, 3, 'robe', 0, 0, 0, 0, 0, 0, 0, 0, 0, 1, 1, 1, 0, 0, 0, 0, 0, 0, 0, 0, 0, 0, 0, 0, 0, 0, 0, 0, 0, 4, '2019-03-29 23:09:25', 0, 132),
(65, 3, 'hope', 0, 0, 0, 0, 0, 0, 0, 0, 0, 1, 1, 0, 0, 0, 1, 0, 0, 0, 0, 0, 0, 0, 0, 0, 0, 0, 0, 0, 0, 5, '2019-03-29 23:09:30', 1, 132),
(66, 3, 'wait', 0, 0, 0, 0, 0, 0, 0, 0, 0, 1, 1, 0, 0, 0, 1, 0, 0, 0, 0, 0, 0, 0, 0, 0, 0, 0, 0, 0, 0, 6, '2019-03-29 23:09:35', 1, 132),
(67, 3, 'come', 0, 0, 0, 0, 0, 0, 0, 0, 0, 0, 1, 0, 0, 0, 0, 0, 0, 0, 0, 0, 0, 0, 0, 0, 0, 0, 0, 0, 0, 7, '2019-03-29 23:09:39', 0, 132),
(68, 3, 'slecth', 0, 0, 0, 0, 0, 0, 0, 0, 0, 0, 0, 1, 0, 1, 0, 0, 0, 0, 0, 0, 0, 0, 0, 0, 0, 0, 0, 0, 0, 8, '2019-03-29 23:09:45', 0, 132),
(69, 3, 'stick', 0, 0, 0, 0, 0, 0, 0, 0, 0, 0, 0, 1, 0, 1, 0, 0, 0, 0, 0, 0, 0, 0, 0, 0, 0, 0, 0, 0, 0, 9, '2019-03-29 23:09:49', 1, 132),
(70, 3, 'shain', 0, 0, 0, 0, 0, 0, 0, 0, 0, 0, 0, 0, 1, 0, 0, 0, 0, 0, 0, 0, 0, 0, 0, 0, 0, 0, 0, 0, 0, 10, '2019-03-29 23:09:55', 0, 132),
(71, 3, 'dream', 0, 0, 0, 0, 0, 0, 0, 0, 0, 0, 0, 0, 0, 1, 1, 0, 0, 0, 0, 0, 0, 0, 0, 0, 0, 0, 0, 0, 0, 11, '2019-03-29 23:10:00', 1, 132),
(72, 3, 'plate', 0, 0, 0, 0, 0, 0, 0, 0, 0, 0, 0, 0, 0, 0, 1, 0, 0, 0, 0, 0, 0, 0, 0, 0, 0, 0, 0, 0, 0, 12, '2019-03-29 23:10:05', 0, 132),
(73, 3, 'couch', 0, 0, 0, 0, 0, 0, 0, 0, 0, 0, 0, 0, 1, 0, 0, 0, 0, 0, 0, 0, 0, 0, 0, 0, 0, 0, 0, 0, 0, 13, '2019-03-29 23:10:11', 0, 132),
(74, 3, 'frite', 0, 0, 0, 0, 0, 0, 0, 0, 0, 0, 0, 0, 0, 1, 0, 0, 0, 0, 0, 0, 0, 0, 0, 0, 0, 0, 0, 0, 0, 14, '2019-03-29 23:10:15', 0, 132),
(75, 3, 'tud', 0, 0, 0, 0, 0, 0, 0, 0, 0, 0, 0, 0, 0, 0, 0, 0, 0, 0, 0, 0, 0, 0, 0, 0, 0, 0, 0, 0, 0, 15, '2019-03-29 23:10:20', 0, 132),
(76, 3, 'cool', 0, 0, 0, 0, 0, 0, 0, 0, 0, 0, 0, 0, 0, 0, 0, 0, 0, 0, 0, 0, 0, 0, 0, 0, 0, 0, 0, 0, 0, 16, '2019-03-29 23:10:24', 0, 132),
(77, 3, 'whishes', 0, 0, 0, 0, 0, 0, 0, 0, 0, 0, 0, 0, 1, 0, 0, 0, 1, 0, 0, 0, 0, 0, 0, 0, 0, 0, 0, 0, 0, 17, '2019-03-29 23:10:30', 0, 132),
(78, 3, 'soon', 0, 0, 0, 0, 0, 0, 0, 0, 0, 0, 0, 0, 0, 0, 0, 0, 0, 0, 0, 0, 0, 0, 0, 0, 0, 0, 0, 0, 0, 18, '2019-03-29 23:10:36', 0, 132),
(79, 3, 'tasdad', 0, 0, 0, 0, 0, 0, 0, 0, 0, 0, 0, 0, 0, 0, 0, 0, 0, 0, 0, 0, 0, 0, 0, 0, 0, 0, 0, 0, 0, 19, '2019-03-29 23:10:40', 0, 132),
(80, 3, 'oil', 0, 0, 0, 0, 0, 0, 0, 0, 0, 0, 0, 0, 0, 0, 0, 1, 0, 0, 0, 0, 0, 0, 0, 0, 0, 0, 0, 0, 0, 20, '2019-03-29 23:10:46', 0, 132),
(81, 3, 'crawl', 0, 0, 0, 0, 0, 0, 0, 0, 0, 0, 0, 0, 0, 0, 0, 0, 0, 0, 0, 0, 0, 0, 0, 0, 0, 0, 0, 0, 0, 21, '2019-03-29 23:10:51', 0, 132),
(82, 3, 'third', 0, 0, 0, 0, 0, 0, 0, 0, 0, 0, 0, 0, 1, 0, 0, 1, 0, 0, 0, 0, 0, 0, 0, 0, 0, 0, 0, 0, 0, 22, '2019-03-29 23:10:57', 1, 132),
(83, 3, 'camt', 0, 0, 0, 0, 0, 0, 0, 0, 0, 0, 0, 0, 0, 0, 0, 0, 0, 0, 0, 0, 0, 0, 0, 0, 0, 0, 0, 0, 0, 23, '2019-03-29 23:11:02', 0, 132),
(84, 3, 'tries', 0, 0, 0, 0, 0, 0, 0, 0, 0, 0, 0, 0, 0, 0, 0, 0, 1, 0, 0, 0, 0, 0, 0, 0, 0, 0, 0, 0, 0, 24, '2019-03-29 23:11:07', 1, 132),
(85, 3, 'clothing', 0, 0, 0, 0, 0, 0, 0, 0, 0, 0, 0, 0, 0, 0, 0, 0, 0, 0, 0, 0, 0, 0, 0, 0, 0, 0, 0, 0, 0, 25, '2019-03-29 23:11:14', 0, 132),
(86, 3, 'ridding', 0, 0, 0, 0, 0, 0, 0, 0, 0, 0, 0, 0, 0, 0, 0, 0, 1, 0, 0, 0, 0, 0, 0, 0, 0, 0, 0, 0, 0, 26, '2019-03-29 23:11:18', 0, 132),
(87, 4, 'hope', 0, 0, 0, 0, 0, 0, 0, 0, 0, 0, 0, 0, 0, 0, 0, 0, 0, 0, 0, 0, 0, 0, 0, 0, 0, 0, 0, 0, 0, 1, '2019-04-01 18:25:39', 0, 132),
(88, 4, 'hope', 0, 0, 0, 0, 0, 0, 0, 0, 0, 0, 0, 1, 0, 0, 0, 0, 0, 0, 0, 0, 0, 0, 0, 0, 0, 0, 0, 0, 0, 2, '2019-04-01 18:25:47', 0, 132),
(89, 4, 'dsd', 0, 0, 0, 0, 0, 0, 0, 0, 0, 1, 0, 0, 0, 0, 0, 0, 0, 0, 0, 0, 0, 0, 0, 0, 0, 0, 0, 0, 0, 3, '2019-04-01 18:25:50', 0, 132),
(90, 4, 's', 0, 0, 0, 0, 0, 0, 0, 0, 0, 0, 0, 0, 0, 0, 0, 0, 0, 0, 0, 0, 0, 0, 0, 0, 0, 0, 0, 0, 0, 4, '2019-04-01 18:25:52', 0, 132),
(91, 4, 'd', 0, 0, 0, 0, 0, 0, 0, 0, 0, 0, 0, 0, 0, 0, 0, 0, 0, 0, 0, 0, 0, 0, 0, 0, 0, 0, 0, 0, 0, 5, '2019-04-01 18:25:53', 0, 132),
(92, 4, 'd', 0, 0, 0, 0, 0, 0, 0, 0, 0, 0, 0, 0, 0, 0, 0, 0, 0, 0, 0, 0, 0, 0, 0, 0, 0, 0, 0, 0, 0, 6, '2019-04-01 18:25:55', 0, 132),
(93, 4, 'dwdw', 0, 0, 0, 0, 0, 0, 0, 0, 0, 0, 0, 0, 0, 0, 0, 0, 0, 0, 0, 0, 0, 0, 0, 0, 0, 0, 0, 0, 0, 7, '2019-04-01 18:25:56', 0, 132),
(94, 4, 'wdw', 0, 0, 0, 0, 0, 0, 0, 0, 0, 0, 0, 0, 0, 0, 0, 0, 0, 0, 0, 0, 0, 0, 0, 0, 0, 0, 0, 0, 0, 8, '2019-04-01 18:25:58', 0, 132),
(95, 4, 'w3', 0, 0, 0, 0, 0, 0, 0, 0, 0, 0, 0, 0, 0, 0, 0, 0, 0, 0, 0, 0, 0, 0, 0, 0, 0, 0, 0, 0, 0, 9, '2019-04-01 18:26:00', 0, 132),
(96, 4, 'd3cd', 0, 0, 0, 0, 0, 0, 0, 0, 0, 0, 0, 0, 0, 0, 0, 0, 0, 0, 0, 0, 0, 0, 0, 0, 0, 0, 0, 0, 0, 10, '2019-04-01 18:26:02', 0, 132),
(97, 4, 'ec', 0, 0, 0, 0, 0, 0, 0, 0, 0, 0, 0, 0, 0, 0, 0, 0, 0, 0, 0, 0, 0, 0, 0, 0, 0, 0, 0, 0, 0, 11, '2019-04-01 18:26:04', 0, 132),
(98, 4, 'cec', 0, 0, 0, 0, 0, 0, 0, 0, 0, 0, 0, 0, 0, 0, 0, 0, 0, 0, 0, 0, 0, 0, 0, 0, 0, 0, 0, 0, 0, 12, '2019-04-01 18:26:06', 0, 132),
(99, 4, '55', 0, 0, 0, 0, 0, 0, 0, 0, 0, 0, 0, 0, 0, 0, 0, 0, 0, 0, 0, 0, 0, 0, 0, 0, 0, 0, 0, 0, 0, 13, '2019-04-01 18:26:09', 0, 132),
(100, 4, '5g5g', 0, 0, 0, 0, 0, 0, 0, 0, 0, 0, 0, 0, 0, 0, 0, 0, 0, 0, 0, 0, 0, 0, 0, 0, 0, 0, 0, 0, 0, 14, '2019-04-01 18:26:10', 0, 132),
(101, 4, 'g ', 0, 0, 0, 0, 0, 0, 0, 0, 0, 0, 0, 0, 0, 0, 0, 0, 0, 0, 0, 0, 0, 0, 0, 0, 0, 0, 0, 0, 0, 15, '2019-04-01 18:26:13', 0, 132),
(102, 4, 'grgr', 0, 0, 0, 0, 0, 0, 0, 0, 0, 0, 0, 0, 0, 0, 0, 0, 0, 0, 0, 0, 0, 0, 0, 0, 0, 0, 0, 0, 0, 16, '2019-04-01 18:26:14', 0, 132),
(103, 4, 'grgr', 0, 0, 0, 0, 0, 0, 0, 0, 0, 0, 0, 0, 0, 0, 0, 0, 0, 0, 0, 0, 0, 0, 0, 0, 0, 0, 0, 0, 0, 17, '2019-04-01 18:26:16', 0, 132),
(104, 4, 'grgrg', 0, 0, 0, 0, 0, 0, 0, 0, 0, 0, 0, 0, 0, 0, 0, 0, 0, 0, 0, 0, 0, 0, 0, 0, 0, 0, 0, 0, 0, 18, '2019-04-01 18:26:17', 0, 132),
(105, 4, 'grgr', 0, 0, 0, 0, 0, 0, 0, 0, 0, 0, 0, 0, 0, 0, 0, 0, 0, 0, 0, 0, 0, 0, 0, 0, 0, 0, 0, 0, 0, 19, '2019-04-01 18:26:18', 0, 132),
(114, 4, 'g4g4', 0, 0, 0, 0, 0, 0, 0, 0, 0, 0, 0, 0, 0, 0, 0, 0, 0, 0, 0, 0, 0, 0, 0, 0, 0, 0, 0, 0, 0, 20, '2019-04-01 18:27:00', 0, 132),
(115, 4, 'g4g4', 0, 0, 0, 0, 0, 0, 0, 0, 0, 0, 0, 0, 0, 0, 0, 0, 0, 0, 0, 0, 0, 0, 0, 0, 0, 0, 0, 0, 0, 21, '2019-04-01 18:27:02', 0, 132),
(116, 4, 'g4g4', 0, 0, 0, 0, 0, 0, 0, 0, 0, 0, 0, 0, 0, 0, 0, 0, 0, 0, 0, 0, 0, 0, 0, 0, 0, 0, 0, 0, 0, 22, '2019-04-01 18:27:03', 0, 132),
(117, 4, 'g4rg4', 0, 0, 0, 0, 0, 0, 0, 0, 0, 0, 0, 0, 0, 0, 0, 0, 0, 0, 0, 0, 0, 0, 0, 0, 0, 0, 0, 0, 0, 23, '2019-04-01 18:27:05', 0, 132),
(118, 4, 'g44g', 0, 0, 0, 0, 0, 0, 0, 0, 0, 0, 0, 0, 0, 0, 0, 0, 0, 0, 0, 0, 0, 0, 0, 0, 0, 0, 0, 0, 0, 24, '2019-04-01 18:27:06', 0, 132),
(119, 4, 'g4g4', 0, 0, 0, 0, 0, 0, 0, 0, 0, 0, 0, 0, 0, 0, 0, 0, 0, 0, 0, 0, 0, 0, 0, 0, 0, 0, 0, 0, 0, 25, '2019-04-01 18:27:08', 0, 132),
(120, 4, 'g4g4g', 0, 0, 0, 0, 0, 0, 0, 0, 0, 0, 0, 0, 0, 0, 0, 0, 0, 0, 0, 0, 0, 0, 0, 0, 0, 0, 0, 0, 0, 26, '2019-04-01 18:27:09', 0, 132),
(121, 6, 'hope', 0, 0, 0, 0, 0, 0, 0, 0, 0, 0, 0, 0, 0, 0, 0, 0, 0, 0, 0, 0, 0, 0, 0, 0, 0, 0, 0, 0, 0, 1, '2019-04-01 21:05:06', 0, 132),
(122, 7, 'ohpe', 0, 0, 0, 0, 0, 0, 0, 0, 0, 0, 0, 0, 0, 0, 0, 0, 0, 0, 0, 0, 0, 0, 0, 0, 0, 0, 0, 0, 0, 1, '2019-04-01 21:06:16', 0, 132),
(124, 8, 'hope', 0, 0, 0, 0, 0, 0, 0, 0, 0, 0, 0, 0, 0, 0, 0, 0, 0, 0, 0, 0, 0, 0, 0, 0, 0, 0, 0, 0, 0, 1, '2019-04-01 21:07:02', 0, 132),
(125, 8, 'hope', 0, 0, 0, 0, 0, 0, 0, 0, 0, 0, 0, 1, 0, 0, 0, 0, 0, 0, 0, 0, 0, 0, 0, 0, 0, 0, 0, 0, 0, 2, '2019-04-01 21:07:08', 0, 132),
(126, 9, 'hodpf', 0, 0, 0, 0, 0, 0, 0, 0, 0, 0, 0, 0, 0, 0, 0, 0, 0, 0, 0, 0, 0, 0, 0, 0, 0, 0, 0, 0, 0, 1, '2019-04-01 21:08:06', 0, 132),
(127, 10, 'hops', 0, 0, 0, 0, 0, 0, 0, 0, 0, 0, 0, 0, 0, 0, 0, 0, 0, 0, 0, 0, 0, 0, 0, 0, 0, 0, 0, 0, 0, 1, '2019-04-01 21:08:35', 0, 132),
(131, 11, 'ods', 0, 0, 0, 0, 0, 0, 0, 0, 0, 0, 0, 0, 0, 0, 0, 0, 0, 0, 0, 0, 0, 0, 0, 0, 0, 0, 0, 0, 0, 1, '2019-04-01 21:09:44', 0, 132),
(132, 11, 'sad', 0, 0, 0, 0, 0, 0, 0, 0, 0, 0, 0, 0, 0, 0, 0, 0, 0, 0, 0, 0, 0, 0, 0, 0, 0, 0, 0, 0, 0, 2, '2019-04-01 21:09:48', 0, 132),
(133, 11, 'sdas', 0, 0, 0, 0, 0, 0, 0, 0, 0, 0, 0, 0, 0, 0, 0, 0, 0, 0, 0, 0, 0, 0, 0, 0, 0, 0, 0, 0, 0, 3, '2019-04-01 21:10:03', 0, 132),
(135, 12, 'rtyu', 0, 0, 0, 0, 0, 0, 0, 0, 0, 0, 0, 0, 0, 0, 0, 0, 0, 0, 0, 0, 0, 0, 0, 0, 0, 0, 0, 0, 0, 1, '2019-04-05 22:27:36', 0, 132),
(136, 14, 'true', 0, 0, 0, 0, 0, 0, 0, 0, 0, 0, 0, 0, 0, 0, 0, 0, 0, 0, 0, 1, 0, 0, 0, 0, 0, 0, 0, 0, 0, 27, '2019-09-13 03:04:23', 0, 149),
(138, 16, 'false', 0, 0, 0, 0, 0, 0, 0, 0, 0, 0, 0, 0, 0, 0, 0, 0, 0, 0, 0, 1, 0, 0, 0, 0, 0, 0, 0, 0, 0, 27, '2019-09-13 03:12:25', 0, 149),
(139, 16, 'false', 0, 0, 0, 0, 0, 0, 0, 0, 0, 0, 0, 0, 0, 0, 0, 0, 0, 0, 0, 0, 0, 0, 0, 0, 0, 0, 0, 0, 0, 28, '2019-09-13 03:12:30', 0, 149),
(140, 16, 'false', 0, 0, 0, 0, 0, 0, 0, 0, 0, 0, 0, 0, 0, 0, 0, 0, 0, 0, 0, 1, 0, 0, 0, 0, 0, 0, 0, 0, 0, 29, '2019-09-13 03:12:36', 0, 149),
(141, 16, 'false', 0, 0, 0, 0, 0, 0, 0, 0, 0, 0, 0, 0, 0, 0, 0, 0, 0, 0, 0, 0, 0, 0, 0, 0, 0, 0, 0, 0, 0, 30, '2019-09-13 03:12:43', 0, 149),
(142, 16, 'false', 0, 0, 0, 0, 0, 0, 0, 0, 0, 0, 0, 0, 0, 0, 0, 0, 0, 0, 0, 0, 0, 0, 0, 0, 0, 0, 0, 0, 0, 31, '2019-09-13 03:12:53', 0, 149),
(144, 16, 'false', 0, 0, 0, 0, 0, 0, 0, 0, 0, 0, 0, 0, 0, 0, 0, 0, 0, 0, 0, 0, 0, 0, 0, 0, 0, 0, 0, 0, 0, 32, '2019-09-13 03:13:16', 0, 149),
(146, 16, 'place', 0, 0, 0, 0, 0, 0, 0, 0, 0, 0, 0, 0, 0, 0, 0, 0, 0, 0, 0, 0, 0, 1, 1, 0, 0, 0, 0, 0, 0, 33, '2019-09-13 03:13:26', 1, 149),
(148, 16, 'false', 0, 0, 0, 0, 0, 0, 0, 0, 0, 0, 0, 0, 0, 0, 0, 0, 0, 0, 0, 0, 0, 0, 0, 0, 0, 0, 0, 0, 0, 34, '2019-09-13 03:13:40', 0, 149),
(149, 16, 'false', 0, 0, 0, 0, 0, 0, 0, 0, 0, 0, 0, 0, 0, 0, 0, 0, 0, 0, 0, 0, 0, 0, 0, 0, 0, 0, 0, 0, 0, 35, '2019-09-13 03:13:43', 0, 149),
(150, 16, 'false', 0, 0, 0, 0, 0, 0, 0, 0, 0, 0, 0, 0, 0, 0, 0, 0, 0, 0, 0, 0, 0, 0, 0, 0, 0, 0, 0, 0, 0, 36, '2019-09-13 03:13:45', 0, 149),
(151, 16, 'false', 0, 0, 0, 0, 0, 0, 0, 0, 0, 0, 0, 0, 0, 0, 0, 0, 0, 0, 0, 0, 0, 0, 0, 0, 0, 0, 0, 0, 0, 37, '2019-09-13 03:13:47', 0, 149),
(152, 16, 'false', 0, 0, 0, 0, 0, 0, 0, 0, 0, 0, 0, 0, 0, 0, 0, 0, 0, 0, 0, 0, 0, 0, 0, 0, 0, 0, 0, 0, 0, 38, '2019-09-13 03:13:50', 0, 149),
(153, 16, 'false', 0, 0, 0, 0, 0, 0, 0, 0, 0, 0, 0, 0, 0, 0, 0, 0, 0, 0, 0, 0, 0, 0, 0, 0, 0, 0, 0, 0, 0, 39, '2019-09-13 03:13:52', 0, 149),
(154, 16, 'false', 0, 0, 0, 0, 0, 0, 0, 0, 0, 0, 0, 0, 0, 0, 0, 0, 0, 0, 0, 0, 0, 0, 0, 0, 0, 0, 0, 0, 0, 40, '2019-09-13 03:13:55', 0, 149),
(155, 16, 'false', 0, 0, 0, 0, 0, 0, 0, 0, 0, 0, 0, 0, 0, 0, 0, 0, 0, 0, 0, 0, 0, 0, 0, 0, 0, 0, 0, 0, 0, 41, '2019-09-13 03:13:57', 0, 149),
(156, 16, 'false', 0, 0, 0, 0, 0, 0, 0, 0, 0, 0, 0, 0, 0, 0, 0, 0, 0, 0, 0, 0, 0, 0, 0, 0, 0, 0, 0, 0, 0, 42, '2019-09-13 03:14:00', 0, 149),
(157, 16, 'false', 0, 0, 0, 0, 0, 0, 0, 0, 0, 0, 0, 0, 0, 0, 0, 0, 0, 0, 0, 0, 0, 0, 0, 0, 0, 0, 0, 0, 0, 43, '2019-09-13 03:14:03', 0, 149),
(158, 16, 'false', 0, 0, 0, 0, 0, 0, 0, 0, 0, 0, 0, 0, 0, 0, 0, 0, 0, 0, 0, 0, 0, 0, 0, 0, 0, 0, 0, 0, 0, 44, '2019-09-13 03:14:06', 0, 149),
(159, 16, 'false', 0, 0, 0, 0, 0, 0, 0, 0, 0, 0, 0, 0, 0, 0, 0, 0, 0, 0, 0, 0, 0, 0, 0, 0, 0, 0, 0, 0, 0, 45, '2019-09-13 03:14:09', 0, 149),
(160, 16, 'false', 0, 0, 0, 0, 0, 0, 0, 0, 0, 0, 0, 0, 0, 0, 0, 0, 0, 0, 0, 0, 0, 0, 0, 0, 0, 0, 0, 0, 0, 46, '2019-09-13 03:14:11', 0, 149),
(161, 16, 'false', 0, 0, 0, 0, 0, 0, 0, 0, 0, 0, 0, 0, 0, 0, 0, 0, 0, 0, 0, 0, 0, 0, 0, 0, 0, 0, 0, 0, 0, 47, '2019-09-13 03:14:13', 0, 149),
(162, 16, 'false', 0, 0, 0, 0, 0, 0, 0, 0, 0, 0, 0, 0, 0, 0, 0, 0, 0, 0, 0, 0, 0, 0, 0, 0, 0, 0, 0, 0, 0, 48, '2019-09-13 03:14:16', 0, 149),
(164, 16, 'false', 0, 0, 0, 0, 0, 0, 0, 0, 0, 0, 0, 0, 0, 0, 0, 0, 0, 0, 0, 0, 0, 0, 0, 0, 0, 0, 0, 0, 0, 49, '2019-09-13 03:14:30', 0, 149),
(165, 18, 'a', 0, 0, 0, 0, 0, 0, 0, 0, 0, 0, 0, 0, 0, 0, 0, 0, 0, 0, 0, 0, 0, 0, 0, 0, 0, 0, 0, 0, 0, 27, '2019-09-13 03:27:02', 0, 149),
(166, 18, 'a', 0, 0, 0, 0, 0, 0, 0, 0, 0, 0, 0, 0, 0, 0, 0, 0, 0, 0, 0, 0, 0, 0, 0, 0, 0, 0, 0, 0, 0, 28, '2019-09-13 03:27:05', 0, 149),
(167, 18, 'a', 0, 0, 0, 0, 0, 0, 0, 0, 0, 0, 0, 0, 0, 0, 0, 0, 0, 0, 0, 0, 0, 0, 0, 0, 0, 0, 0, 0, 0, 29, '2019-09-13 03:27:09', 0, 149),
(168, 18, 'a', 0, 0, 0, 0, 0, 0, 0, 0, 0, 0, 0, 0, 0, 0, 0, 0, 0, 0, 0, 0, 0, 0, 0, 0, 0, 0, 0, 0, 0, 30, '2019-09-13 03:27:11', 0, 149),
(169, 18, 'a', 0, 0, 0, 0, 0, 0, 0, 0, 0, 0, 0, 0, 0, 0, 0, 0, 0, 0, 0, 0, 0, 0, 0, 0, 0, 0, 0, 0, 0, 31, '2019-09-13 03:27:14', 0, 149),
(170, 18, 'a', 0, 0, 0, 0, 0, 0, 0, 0, 0, 0, 0, 0, 0, 0, 0, 0, 0, 0, 0, 0, 0, 0, 0, 0, 0, 0, 0, 0, 0, 32, '2019-09-13 03:27:19', 0, 149),
(171, 18, 'a', 0, 0, 0, 0, 0, 0, 0, 0, 0, 0, 0, 0, 0, 0, 0, 0, 0, 0, 0, 0, 0, 0, 0, 0, 0, 0, 0, 0, 0, 33, '2019-09-13 03:27:22', 0, 149),
(172, 18, 'a', 0, 0, 0, 0, 0, 0, 0, 0, 0, 0, 0, 0, 0, 0, 0, 0, 0, 0, 0, 0, 0, 0, 0, 0, 0, 0, 0, 0, 0, 34, '2019-09-13 03:27:24', 0, 149),
(177, 18, 'a', 0, 0, 0, 0, 0, 0, 0, 0, 0, 0, 0, 0, 0, 0, 0, 0, 0, 0, 0, 0, 0, 0, 0, 0, 0, 0, 0, 0, 0, 35, '2019-09-13 03:34:55', 0, 149),
(178, 18, 'a', 0, 0, 0, 0, 0, 0, 0, 0, 0, 0, 0, 0, 0, 0, 0, 0, 0, 0, 0, 0, 0, 0, 0, 0, 0, 0, 0, 0, 0, 36, '2019-09-13 03:35:04', 0, 149),
(179, 18, 'a', 0, 0, 0, 0, 0, 0, 0, 0, 0, 0, 0, 0, 0, 0, 0, 0, 0, 0, 0, 0, 0, 0, 0, 0, 0, 0, 0, 0, 0, 37, '2019-09-13 03:35:07', 0, 149),
(180, 18, 'a', 0, 0, 0, 0, 0, 0, 0, 0, 0, 0, 0, 0, 0, 0, 0, 0, 0, 0, 0, 0, 0, 0, 0, 0, 0, 0, 0, 0, 0, 38, '2019-09-13 03:35:09', 0, 149),
(181, 18, 'a', 0, 0, 0, 0, 0, 0, 0, 0, 0, 0, 0, 0, 0, 0, 0, 0, 0, 0, 0, 0, 0, 0, 0, 0, 0, 0, 0, 0, 0, 39, '2019-09-13 03:35:12', 0, 149),
(182, 18, 'a', 0, 0, 0, 0, 0, 0, 0, 0, 0, 0, 0, 0, 0, 0, 0, 0, 0, 0, 0, 0, 0, 0, 0, 0, 0, 0, 0, 0, 0, 40, '2019-09-13 03:35:15', 0, 149),
(183, 18, 'a', 0, 0, 0, 0, 0, 0, 0, 0, 0, 0, 0, 0, 0, 0, 0, 0, 0, 0, 0, 0, 0, 0, 0, 0, 0, 0, 0, 0, 0, 41, '2019-09-13 03:35:17', 0, 149),
(184, 18, 'a', 0, 0, 0, 0, 0, 0, 0, 0, 0, 0, 0, 0, 0, 0, 0, 0, 0, 0, 0, 0, 0, 0, 0, 0, 0, 0, 0, 0, 0, 42, '2019-09-13 03:35:19', 0, 149),
(185, 18, 'a', 0, 0, 0, 0, 0, 0, 0, 0, 0, 0, 0, 0, 0, 0, 0, 0, 0, 0, 0, 0, 0, 0, 0, 0, 0, 0, 0, 0, 0, 43, '2019-09-13 03:35:21', 0, 149),
(186, 18, 'a', 0, 0, 0, 0, 0, 0, 0, 0, 0, 0, 0, 0, 0, 0, 0, 0, 0, 0, 0, 0, 0, 0, 0, 0, 0, 0, 0, 0, 0, 44, '2019-09-13 03:35:24', 0, 149),
(187, 18, 'a', 0, 0, 0, 0, 0, 0, 0, 0, 0, 0, 0, 0, 0, 0, 0, 0, 0, 0, 0, 0, 0, 0, 0, 0, 0, 0, 0, 0, 0, 45, '2019-09-13 03:35:25', 0, 149),
(188, 18, 'a', 0, 0, 0, 0, 0, 0, 0, 0, 0, 0, 0, 0, 0, 0, 0, 0, 0, 0, 0, 0, 0, 0, 0, 0, 0, 0, 0, 0, 0, 46, '2019-09-13 03:35:28', 0, 149),
(189, 18, 'a', 0, 0, 0, 0, 0, 0, 0, 0, 0, 0, 0, 0, 0, 0, 0, 0, 0, 0, 0, 0, 0, 0, 0, 0, 0, 0, 0, 0, 0, 47, '2019-09-13 03:35:30', 0, 149),
(190, 18, 'a', 0, 0, 0, 0, 0, 0, 0, 0, 0, 0, 0, 0, 0, 0, 0, 0, 0, 0, 0, 0, 0, 0, 0, 0, 0, 0, 0, 0, 0, 48, '2019-09-13 03:35:32', 0, 149),
(191, 18, 'a', 0, 0, 0, 0, 0, 0, 0, 0, 0, 0, 0, 0, 0, 0, 0, 0, 0, 0, 0, 0, 0, 0, 0, 0, 0, 0, 0, 0, 0, 49, '2019-09-13 03:35:33', 0, 149),
(192, 18, 'a', 0, 0, 0, 0, 0, 0, 0, 0, 0, 0, 0, 0, 0, 0, 0, 0, 0, 0, 0, 0, 0, 0, 0, 0, 0, 0, 0, 0, 0, 50, '2019-09-13 03:35:36', 0, 149),
(193, 18, 'a', 0, 0, 0, 0, 0, 0, 0, 0, 0, 0, 0, 0, 0, 0, 0, 0, 0, 0, 0, 0, 0, 0, 0, 0, 0, 0, 0, 0, 0, 51, '2019-09-13 03:35:42', 0, 149),
(194, 19, 'a', 0, 0, 0, 0, 0, 0, 0, 0, 0, 0, 0, 1, 0, 0, 0, 0, 0, 0, 0, 0, 0, 0, 0, 0, 0, 0, 0, 0, 0, 1, '2019-09-13 04:11:22', 0, 149),
(195, 19, 'a', 0, 0, 0, 0, 0, 0, 0, 0, 0, 0, 0, 0, 0, 0, 0, 0, 0, 0, 0, 0, 0, 0, 0, 0, 0, 0, 0, 0, 0, 2, '2019-09-13 04:11:26', 0, 149),
(196, 19, 'a', 0, 0, 0, 0, 0, 0, 0, 0, 0, 0, 0, 0, 0, 0, 0, 0, 0, 0, 0, 0, 0, 0, 0, 0, 0, 0, 0, 0, 0, 3, '2019-09-13 04:11:28', 0, 149),
(197, 19, 'a', 0, 0, 0, 0, 0, 0, 0, 0, 0, 0, 0, 0, 0, 0, 0, 0, 0, 0, 0, 0, 0, 0, 0, 0, 0, 0, 0, 0, 0, 4, '2019-09-13 04:11:30', 0, 149),
(198, 19, 'a', 0, 0, 0, 0, 0, 0, 0, 0, 0, 0, 0, 0, 0, 0, 0, 0, 0, 0, 0, 0, 0, 0, 0, 0, 0, 0, 0, 0, 0, 5, '2019-09-13 04:11:33', 0, 149),
(199, 19, 'a', 0, 0, 0, 0, 0, 0, 0, 0, 0, 0, 0, 0, 0, 0, 0, 0, 0, 0, 0, 0, 0, 0, 0, 0, 0, 0, 0, 0, 0, 6, '2019-09-13 04:11:35', 0, 149),
(200, 19, 'a', 0, 0, 0, 0, 0, 0, 0, 0, 0, 0, 0, 0, 0, 0, 0, 0, 0, 0, 0, 0, 0, 0, 0, 0, 0, 0, 0, 0, 0, 7, '2019-09-13 04:11:37', 0, 149),
(201, 19, 'a', 0, 0, 0, 0, 0, 0, 0, 0, 0, 0, 0, 0, 0, 0, 0, 0, 0, 0, 0, 0, 0, 0, 0, 0, 0, 0, 0, 0, 0, 8, '2019-09-13 04:11:39', 0, 149),
(202, 20, 'fan', 0, 0, 0, 0, 0, 0, 0, 0, 0, 1, 1, 1, 0, 0, 0, 0, 0, 0, 0, 0, 0, 0, 0, 0, 0, 0, 0, 0, 0, 1, '2019-09-13 15:48:19', 1, 149),
(203, 20, 'pet', 0, 0, 0, 0, 0, 0, 0, 0, 0, 1, 1, 1, 0, 0, 0, 0, 0, 0, 0, 0, 0, 0, 0, 0, 0, 0, 0, 0, 0, 2, '2019-09-13 15:48:27', 1, 149),
(204, 20, 'dig', 0, 0, 0, 0, 0, 0, 0, 0, 0, 1, 1, 1, 0, 0, 0, 0, 0, 0, 0, 0, 0, 0, 0, 0, 0, 0, 0, 0, 0, 3, '2019-09-13 15:48:35', 1, 149),
(205, 20, 'rob', 0, 0, 0, 0, 0, 0, 0, 0, 0, 1, 1, 1, 0, 0, 0, 0, 0, 0, 0, 0, 0, 0, 0, 0, 0, 0, 0, 0, 0, 4, '2019-09-13 15:48:55', 1, 149),
(206, 20, 'hope', 0, 0, 0, 0, 0, 0, 0, 0, 0, 1, 1, 0, 0, 0, 1, 0, 0, 0, 0, 0, 0, 0, 0, 0, 0, 0, 0, 0, 0, 5, '2019-09-13 15:49:26', 1, 149),
(207, 20, 'wait', 0, 0, 0, 0, 0, 0, 0, 0, 0, 1, 1, 0, 0, 0, 1, 0, 0, 0, 0, 0, 0, 0, 0, 0, 0, 0, 0, 0, 0, 6, '2019-09-13 15:49:31', 1, 149),
(208, 20, 'gum', 0, 0, 0, 0, 0, 0, 0, 0, 0, 1, 1, 1, 0, 0, 0, 0, 0, 0, 0, 0, 0, 0, 0, 0, 0, 0, 0, 0, 0, 7, '2019-09-13 15:49:44', 1, 149),
(209, 20, 'sled', 0, 0, 0, 0, 0, 0, 0, 0, 0, 0, 0, 1, 0, 1, 0, 0, 0, 0, 0, 0, 0, 0, 0, 0, 0, 0, 0, 0, 0, 8, '2019-09-13 15:49:58', 1, 149),
(210, 20, 'stick', 0, 0, 0, 0, 0, 0, 0, 0, 0, 0, 0, 1, 0, 1, 0, 0, 0, 0, 0, 0, 0, 0, 0, 0, 0, 0, 0, 0, 0, 9, '2019-09-13 15:50:12', 1, 149),
(211, 20, 'shine', 0, 0, 0, 0, 0, 0, 0, 0, 0, 0, 0, 0, 1, 0, 1, 0, 0, 0, 0, 0, 0, 0, 0, 0, 0, 0, 0, 0, 0, 10, '2019-09-13 15:50:19', 1, 149),
(212, 20, 'dream', 0, 0, 0, 0, 0, 0, 0, 0, 0, 0, 0, 0, 0, 1, 1, 0, 0, 0, 0, 0, 0, 0, 0, 0, 0, 0, 0, 0, 0, 11, '2019-09-13 15:50:28', 1, 149),
(213, 20, 'blade', 0, 0, 0, 0, 0, 0, 0, 0, 0, 0, 0, 0, 0, 1, 1, 0, 0, 0, 0, 0, 0, 0, 0, 0, 0, 0, 0, 0, 0, 12, '2019-09-13 15:50:37', 1, 149),
(214, 20, 'coack', 0, 0, 0, 0, 0, 0, 0, 0, 0, 0, 0, 0, 0, 0, 1, 0, 0, 0, 0, 0, 0, 0, 0, 0, 0, 0, 0, 0, 0, 13, '2019-09-13 15:51:01', 0, 149),
(215, 20, 'fight', 0, 0, 0, 0, 0, 0, 0, 0, 0, 0, 0, 0, 0, 0, 1, 0, 0, 0, 0, 0, 0, 0, 0, 0, 0, 0, 0, 0, 0, 14, '2019-09-13 15:51:22', 0, 149),
(216, 20, 'chewed', 0, 0, 0, 0, 0, 0, 0, 0, 0, 0, 0, 0, 1, 0, 0, 1, 1, 0, 0, 0, 0, 0, 0, 0, 0, 0, 0, 0, 0, 15, '2019-09-13 15:51:31', 1, 149),
(217, 20, 'crawl', 0, 0, 0, 0, 0, 0, 0, 0, 0, 0, 0, 0, 0, 1, 0, 1, 0, 0, 0, 0, 0, 0, 0, 0, 0, 0, 0, 0, 0, 16, '2019-09-13 15:51:37', 1, 149),
(218, 20, 'wishes', 0, 0, 0, 0, 0, 0, 0, 0, 0, 0, 0, 0, 1, 0, 0, 0, 1, 0, 0, 0, 0, 0, 0, 0, 0, 0, 0, 0, 0, 17, '2019-09-13 15:51:43', 1, 149),
(219, 20, 'thorn', 0, 0, 0, 0, 0, 0, 0, 0, 0, 0, 0, 0, 1, 0, 0, 1, 0, 0, 0, 0, 0, 0, 0, 0, 0, 0, 0, 0, 0, 18, '2019-09-13 15:51:51', 1, 149),
(220, 20, 'shouted', 0, 0, 0, 0, 0, 0, 0, 0, 0, 0, 0, 0, 1, 0, 0, 1, 1, 0, 0, 0, 0, 0, 0, 0, 0, 0, 0, 0, 0, 19, '2019-09-13 15:51:58', 1, 149),
(221, 20, 'spoil', 0, 0, 0, 0, 0, 0, 0, 0, 0, 0, 0, 0, 0, 1, 0, 1, 0, 0, 0, 0, 0, 0, 0, 0, 0, 0, 0, 0, 0, 20, '2019-09-13 15:52:05', 1, 149),
(222, 20, 'growl', 0, 0, 0, 0, 0, 0, 0, 0, 0, 0, 0, 0, 0, 0, 0, 1, 0, 0, 0, 0, 0, 0, 0, 0, 0, 0, 0, 0, 0, 21, '2019-09-13 15:52:19', 1, 149),
(223, 20, 'third', 0, 0, 0, 0, 0, 0, 0, 0, 0, 0, 0, 0, 1, 0, 0, 1, 0, 0, 0, 0, 0, 0, 0, 0, 0, 0, 0, 0, 0, 22, '2019-09-13 15:52:24', 1, 149),
(224, 20, 'camped', 0, 0, 0, 0, 0, 0, 0, 0, 0, 0, 0, 0, 0, 0, 0, 0, 1, 0, 0, 0, 0, 0, 0, 0, 0, 0, 0, 0, 0, 23, '2019-09-13 15:52:33', 1, 149),
(225, 20, 'tryes', 0, 0, 0, 0, 0, 0, 0, 0, 0, 0, 0, 0, 0, 0, 0, 0, 0, 0, 0, 0, 0, 0, 0, 0, 0, 0, 0, 0, 0, 24, '2019-09-13 15:53:04', 0, 149),
(226, 20, 'clapping', 0, 0, 0, 0, 0, 0, 0, 0, 0, 0, 0, 0, 0, 0, 0, 0, 1, 0, 0, 0, 0, 0, 0, 0, 0, 0, 0, 0, 0, 25, '2019-09-13 15:53:12', 1, 149),
(227, 20, 'riding', 0, 0, 0, 0, 0, 0, 0, 0, 0, 0, 0, 0, 0, 0, 0, 0, 1, 0, 0, 0, 0, 0, 0, 0, 0, 0, 0, 0, 0, 26, '2019-09-13 15:53:21', 1, 149),
(275, 22, 'camped', 0, 0, 0, 0, 0, 0, 0, 0, 0, 0, 0, 0, 0, 0, 0, 0, 1, 0, 0, 0, 0, 0, 0, 0, 0, 0, 0, 0, 0, 23, '2019-09-13 18:46:49', 1, 149),
(274, 22, 'third', 0, 0, 0, 0, 0, 0, 0, 0, 0, 0, 0, 0, 1, 0, 0, 1, 0, 0, 0, 0, 0, 0, 0, 0, 0, 0, 0, 0, 0, 22, '2019-09-13 18:46:44', 1, 149),
(273, 22, 'growl', 0, 0, 0, 0, 0, 0, 0, 0, 0, 0, 0, 0, 0, 0, 0, 1, 0, 0, 0, 0, 0, 0, 0, 0, 0, 0, 0, 0, 0, 21, '2019-09-13 18:46:40', 1, 149),
(272, 22, 'spoil', 0, 0, 0, 0, 0, 0, 0, 0, 0, 0, 0, 0, 0, 1, 0, 1, 0, 0, 0, 0, 0, 0, 0, 0, 0, 0, 0, 0, 0, 20, '2019-09-13 18:46:34', 1, 149),
(271, 22, 'shouted', 0, 0, 0, 0, 0, 0, 0, 0, 0, 0, 0, 0, 1, 0, 0, 1, 1, 0, 0, 0, 0, 0, 0, 0, 0, 0, 0, 0, 0, 19, '2019-09-13 18:46:29', 1, 149),
(270, 22, 'thorn', 0, 0, 0, 0, 0, 0, 0, 0, 0, 0, 0, 0, 1, 0, 0, 1, 0, 0, 0, 0, 0, 0, 0, 0, 0, 0, 0, 0, 0, 18, '2019-09-13 18:46:22', 1, 149),
(269, 22, 'wishes', 0, 0, 0, 0, 0, 0, 0, 0, 0, 0, 0, 0, 1, 0, 0, 0, 1, 0, 0, 0, 0, 0, 0, 0, 0, 0, 0, 0, 0, 17, '2019-09-13 18:46:17', 1, 149),
(268, 22, 'crawl', 0, 0, 0, 0, 0, 0, 0, 0, 0, 0, 0, 0, 0, 1, 0, 1, 0, 0, 0, 0, 0, 0, 0, 0, 0, 0, 0, 0, 0, 16, '2019-09-13 18:46:12', 1, 149),
(267, 22, 'chewed', 0, 0, 0, 0, 0, 0, 0, 0, 0, 0, 0, 0, 1, 0, 0, 1, 1, 0, 0, 0, 0, 0, 0, 0, 0, 0, 0, 0, 0, 15, '2019-09-13 18:46:07', 1, 149),
(266, 22, 'fright', 0, 0, 0, 0, 0, 0, 0, 0, 0, 0, 0, 0, 0, 1, 1, 0, 0, 0, 0, 0, 0, 0, 0, 0, 0, 0, 0, 0, 0, 14, '2019-09-13 18:46:03', 1, 149),
(265, 22, 'coach', 0, 0, 0, 0, 0, 0, 0, 0, 0, 0, 0, 0, 1, 0, 1, 0, 0, 0, 0, 0, 0, 0, 0, 0, 0, 0, 0, 0, 0, 13, '2019-09-13 18:45:59', 1, 149),
(264, 22, 'blade', 0, 0, 0, 0, 0, 0, 0, 0, 0, 0, 0, 0, 0, 1, 1, 0, 0, 0, 0, 0, 0, 0, 0, 0, 0, 0, 0, 0, 0, 12, '2019-09-13 18:45:55', 1, 149),
(263, 22, 'dream', 0, 0, 0, 0, 0, 0, 0, 0, 0, 0, 0, 0, 0, 1, 1, 0, 0, 0, 0, 0, 0, 0, 0, 0, 0, 0, 0, 0, 0, 11, '2019-09-13 18:45:50', 1, 149),
(262, 22, 'shine', 0, 0, 0, 0, 0, 0, 0, 0, 0, 0, 0, 0, 1, 0, 1, 0, 0, 0, 0, 0, 0, 0, 0, 0, 0, 0, 0, 0, 0, 10, '2019-09-13 18:45:45', 1, 149),
(261, 22, 'stick', 0, 0, 0, 0, 0, 0, 0, 0, 0, 0, 0, 1, 0, 1, 0, 0, 0, 0, 0, 0, 0, 0, 0, 0, 0, 0, 0, 0, 0, 9, '2019-09-13 18:45:40', 1, 149),
(260, 22, 'sled', 0, 0, 0, 0, 0, 0, 0, 0, 0, 0, 0, 1, 0, 1, 0, 0, 0, 0, 0, 0, 0, 0, 0, 0, 0, 0, 0, 0, 0, 8, '2019-09-13 18:45:34', 1, 149),
(259, 22, 'gum', 0, 0, 0, 0, 0, 0, 0, 0, 0, 1, 1, 1, 0, 0, 0, 0, 0, 0, 0, 0, 0, 0, 0, 0, 0, 0, 0, 0, 0, 7, '2019-09-13 18:45:30', 1, 149),
(258, 22, 'wat', 0, 0, 0, 0, 0, 0, 0, 0, 0, 1, 1, 0, 0, 0, 0, 0, 0, 0, 0, 0, 0, 0, 0, 0, 0, 0, 0, 0, 0, 6, '2019-09-13 18:45:25', 0, 149),
(257, 22, 'hope', 0, 0, 0, 0, 0, 0, 0, 0, 0, 1, 1, 0, 0, 0, 1, 0, 0, 0, 0, 0, 0, 0, 0, 0, 0, 0, 0, 0, 0, 5, '2019-09-13 18:45:17', 1, 149),
(256, 22, 'rob', 0, 0, 0, 0, 0, 0, 0, 0, 0, 1, 1, 1, 0, 0, 0, 0, 0, 0, 0, 0, 0, 0, 0, 0, 0, 0, 0, 0, 0, 4, '2019-09-13 18:44:36', 1, 149),
(255, 22, 'deg', 0, 0, 0, 0, 0, 0, 0, 0, 0, 1, 1, 0, 0, 0, 0, 0, 0, 0, 0, 0, 0, 0, 0, 0, 0, 0, 0, 0, 0, 3, '2019-09-13 18:44:29', 0, 149),
(254, 22, 'pet', 0, 0, 0, 0, 0, 0, 0, 0, 0, 1, 1, 1, 0, 0, 0, 0, 0, 0, 0, 0, 0, 0, 0, 0, 0, 0, 0, 0, 0, 2, '2019-09-13 18:44:19', 1, 149),
(253, 22, 'fun', 0, 0, 0, 0, 0, 0, 0, 0, 0, 1, 1, 0, 0, 0, 0, 0, 0, 0, 0, 0, 0, 0, 0, 0, 0, 0, 0, 0, 0, 1, '2019-09-13 18:44:13', 0, 149),
(276, 22, 'tries', 0, 0, 0, 0, 0, 0, 0, 0, 0, 0, 0, 0, 0, 0, 0, 0, 1, 0, 0, 0, 0, 0, 0, 0, 0, 0, 0, 0, 0, 24, '2019-09-13 18:46:54', 1, 149),
(277, 22, 'clapping', 0, 0, 0, 0, 0, 0, 0, 0, 0, 0, 0, 0, 0, 0, 0, 0, 1, 0, 0, 0, 0, 0, 0, 0, 0, 0, 0, 0, 0, 25, '2019-09-13 18:46:59', 1, 149),
(278, 22, 'riding', 0, 0, 0, 0, 0, 0, 0, 0, 0, 0, 0, 0, 0, 0, 0, 0, 1, 0, 0, 0, 0, 0, 0, 0, 0, 0, 0, 0, 0, 26, '2019-09-13 18:47:04', 1, 149),
(279, 23, 'f', 0, 0, 0, 0, 0, 0, 0, 0, 0, 1, 0, 0, 0, 0, 0, 0, 0, 0, 0, 0, 0, 0, 0, 0, 0, 0, 0, 0, 0, 1, '2019-09-14 01:52:25', 0, 149),
(280, 23, 'p', 0, 0, 0, 0, 0, 0, 0, 0, 0, 1, 0, 0, 0, 0, 0, 0, 0, 0, 0, 0, 0, 0, 0, 0, 0, 0, 0, 0, 0, 2, '2019-09-14 01:52:32', 0, 149),
(281, 23, 'b', 0, 0, 0, 0, 0, 0, 0, 0, 0, 0, 0, 0, 0, 0, 0, 0, 0, 0, 0, 0, 0, 0, 0, 0, 0, 0, 0, 0, 0, 3, '2019-09-14 01:52:34', 0, 149),
(282, 23, 's', 0, 0, 0, 0, 0, 0, 0, 0, 0, 0, 0, 0, 0, 0, 0, 0, 0, 0, 0, 0, 0, 0, 0, 0, 0, 0, 0, 0, 0, 4, '2019-09-14 01:52:36', 0, 149),
(283, 23, 's', 0, 0, 0, 0, 0, 0, 0, 0, 0, 0, 0, 0, 0, 0, 0, 0, 0, 0, 0, 0, 0, 0, 0, 0, 0, 0, 0, 0, 0, 5, '2019-09-14 01:52:37', 0, 149),
(284, 23, 'a', 0, 0, 0, 0, 0, 0, 0, 0, 0, 0, 0, 0, 0, 0, 0, 0, 0, 0, 0, 0, 0, 0, 0, 0, 0, 0, 0, 0, 0, 6, '2019-09-14 01:52:39', 0, 149),
(285, 23, 'e', 0, 0, 0, 0, 0, 0, 0, 0, 0, 0, 0, 0, 0, 0, 0, 0, 0, 0, 0, 0, 0, 0, 0, 0, 0, 0, 0, 0, 0, 7, '2019-09-14 01:52:42', 0, 149),
(286, 23, 'e', 0, 0, 0, 0, 0, 0, 0, 0, 0, 0, 0, 1, 0, 0, 0, 0, 0, 0, 0, 0, 0, 0, 0, 0, 0, 0, 0, 0, 0, 8, '2019-09-14 01:52:44', 0, 149),
(287, 23, 'e', 0, 0, 0, 0, 0, 0, 0, 0, 0, 0, 0, 0, 0, 0, 0, 0, 0, 0, 0, 0, 0, 0, 0, 0, 0, 0, 0, 0, 0, 9, '2019-09-14 01:52:45', 0, 149),
(288, 23, 'e', 0, 0, 0, 0, 0, 0, 0, 0, 0, 0, 0, 0, 0, 0, 0, 0, 0, 0, 0, 0, 0, 0, 0, 0, 0, 0, 0, 0, 0, 10, '2019-09-14 01:52:45', 0, 149),
(289, 23, 'e', 0, 0, 0, 0, 0, 0, 0, 0, 0, 0, 0, 0, 0, 0, 0, 0, 0, 0, 0, 0, 0, 0, 0, 0, 0, 0, 0, 0, 0, 11, '2019-09-14 01:52:48', 0, 149),
(290, 23, 's', 0, 0, 0, 0, 0, 0, 0, 0, 0, 0, 0, 0, 0, 0, 0, 0, 0, 0, 0, 0, 0, 0, 0, 0, 0, 0, 0, 0, 0, 12, '2019-09-14 01:52:49', 0, 149),
(291, 23, 'f', 0, 0, 0, 0, 0, 0, 0, 0, 0, 0, 0, 0, 0, 0, 0, 0, 0, 0, 0, 0, 0, 0, 0, 0, 0, 0, 0, 0, 0, 13, '2019-09-14 01:52:50', 0, 149),
(292, 23, 's', 0, 0, 0, 0, 0, 0, 0, 0, 0, 0, 0, 0, 0, 0, 0, 0, 0, 0, 0, 0, 0, 0, 0, 0, 0, 0, 0, 0, 0, 14, '2019-09-14 01:52:52', 0, 149),
(293, 23, 's', 0, 0, 0, 0, 0, 0, 0, 0, 0, 0, 0, 0, 0, 0, 0, 0, 0, 0, 0, 0, 0, 0, 0, 0, 0, 0, 0, 0, 0, 15, '2019-09-14 01:52:53', 0, 149),
(294, 23, 'f', 0, 0, 0, 0, 0, 0, 0, 0, 0, 0, 0, 0, 0, 0, 0, 0, 0, 0, 0, 0, 0, 0, 0, 0, 0, 0, 0, 0, 0, 16, '2019-09-14 01:52:54', 0, 149),
(295, 23, 'a', 0, 0, 0, 0, 0, 0, 0, 0, 0, 0, 0, 0, 0, 0, 0, 0, 0, 0, 0, 0, 0, 0, 0, 0, 0, 0, 0, 0, 0, 17, '2019-09-14 01:52:56', 0, 149),
(296, 23, 's', 0, 0, 0, 0, 0, 0, 0, 0, 0, 0, 0, 0, 0, 0, 0, 0, 0, 0, 0, 0, 0, 0, 0, 0, 0, 0, 0, 0, 0, 18, '2019-09-14 01:52:57', 0, 149),
(297, 23, 'f', 0, 0, 0, 0, 0, 0, 0, 0, 0, 0, 0, 0, 0, 0, 0, 0, 0, 0, 0, 0, 0, 0, 0, 0, 0, 0, 0, 0, 0, 19, '2019-09-14 01:52:59', 0, 149),
(298, 23, 'e', 0, 0, 0, 0, 0, 0, 0, 0, 0, 0, 0, 0, 0, 0, 0, 0, 0, 0, 0, 0, 0, 0, 0, 0, 0, 0, 0, 0, 0, 20, '2019-09-14 01:53:00', 0, 149),
(299, 23, 'r', 0, 0, 0, 0, 0, 0, 0, 0, 0, 0, 0, 0, 0, 0, 0, 0, 0, 0, 0, 0, 0, 0, 0, 0, 0, 0, 0, 0, 0, 21, '2019-09-14 01:53:01', 0, 149),
(300, 23, 'x', 0, 0, 0, 0, 0, 0, 0, 0, 0, 0, 0, 0, 0, 0, 0, 0, 0, 0, 0, 0, 0, 0, 0, 0, 0, 0, 0, 0, 0, 22, '2019-09-14 01:53:03', 0, 149),
(301, 23, 'a', 0, 0, 0, 0, 0, 0, 0, 0, 0, 0, 0, 0, 0, 0, 0, 0, 0, 0, 0, 0, 0, 0, 0, 0, 0, 0, 0, 0, 0, 23, '2019-09-14 01:53:04', 0, 149),
(302, 23, 'x', 0, 0, 0, 0, 0, 0, 0, 0, 0, 0, 0, 0, 0, 0, 0, 0, 0, 0, 0, 0, 0, 0, 0, 0, 0, 0, 0, 0, 0, 24, '2019-09-14 01:53:05', 0, 149),
(303, 23, 't', 0, 0, 0, 0, 0, 0, 0, 0, 0, 0, 0, 0, 0, 0, 0, 0, 0, 0, 0, 0, 0, 0, 0, 0, 0, 0, 0, 0, 0, 25, '2019-09-14 01:53:07', 0, 149),
(304, 23, 'x', 0, 0, 0, 0, 0, 0, 0, 0, 0, 0, 0, 0, 0, 0, 0, 0, 0, 0, 0, 0, 0, 0, 0, 0, 0, 0, 0, 0, 0, 26, '2019-09-14 01:53:08', 0, 149);

-- --------------------------------------------------------

--
-- Table structure for table `subscriptions`
--

CREATE TABLE `subscriptions` (
  `id` int(11) NOT NULL,
  `updated` timestamp NOT NULL DEFAULT current_timestamp(),
  `owner_id` int(11) NOT NULL,
  `amount` int(11) NOT NULL,
  `plan` varchar(30) NOT NULL,
  `start_date` datetime NOT NULL,
  `end_date` datetime NOT NULL,
  `level` tinyint(4) NOT NULL DEFAULT 0,
  `workspace_id` int(11) DEFAULT NULL
) ENGINE=MyISAM DEFAULT CHARSET=utf8;

--
-- Dumping data for table `subscriptions`
--

INSERT INTO `subscriptions` (`id`, `updated`, `owner_id`, `amount`, `plan`, `start_date`, `end_date`, `level`, `workspace_id`) VALUES
(1, '2019-09-12 02:27:49', 132, 480, 'BASIC', '2019-09-12 00:00:00', '2020-09-12 00:00:00', 2, 132);

-- --------------------------------------------------------

--
-- Table structure for table `tests`
--

CREATE TABLE `tests` (
  `id` int(11) NOT NULL,
  `teacher_id` int(11) DEFAULT NULL,
  `roster_id` int(11) DEFAULT NULL,
  `status` tinyint(4) DEFAULT 0,
  `created` timestamp NULL DEFAULT current_timestamp(),
  `grade` tinyint(4) NOT NULL DEFAULT 0,
  `workspace_id` int(11) DEFAULT NULL,
  `practice` tinyint(4) NOT NULL DEFAULT 0
) ENGINE=MyISAM DEFAULT CHARSET=utf8;

--
-- Dumping data for table `tests`
--

INSERT INTO `tests` (`id`, `teacher_id`, `roster_id`, `status`, `created`, `grade`, `workspace_id`, `practice`) VALUES
(2, 134, 1, 2, '2019-03-29 20:17:12', 1, 132, 0),
(13, 151, 14, 2, '2019-09-13 18:43:35', 1, 149, 0),
(14, 151, 14, 1, '2019-09-14 01:51:58', 1, 149, 0);

-- --------------------------------------------------------

--
-- Table structure for table `trial`
--

CREATE TABLE `trial` (
  `id` int(11) NOT NULL,
  `start_date` datetime DEFAULT NULL,
  `end_date` datetime DEFAULT NULL,
  `workspace_id` int(11) DEFAULT NULL
) ENGINE=MyISAM DEFAULT CHARSET=utf8;

--
-- Dumping data for table `trial`
--

INSERT INTO `trial` (`id`, `start_date`, `end_date`, `workspace_id`) VALUES
(1, '2019-03-29 11:57:34', '2019-04-28 11:57:34', 132),
(2, '2019-03-29 11:59:12', '2019-04-28 11:59:12', 133),
(3, '2019-09-06 07:26:30', '2019-10-06 07:26:30', 148),
(4, '2019-09-08 04:15:40', '2019-10-08 04:15:40', 149),
(6, '2019-09-12 07:41:18', '2019-10-12 07:41:18', 155);

-- --------------------------------------------------------

--
-- Table structure for table `users`
--

CREATE TABLE `users` (
  `id` int(11) UNSIGNED NOT NULL,
  `name` varchar(50) DEFAULT NULL,
  `email` varchar(100) DEFAULT NULL,
  `password` varchar(128) DEFAULT NULL,
  `type` varchar(20) DEFAULT '',
  `hash` varchar(128) DEFAULT NULL,
  `status` tinyint(4) DEFAULT 0,
  `grade` tinyint(4) NOT NULL DEFAULT 0,
  `lname` varchar(50) DEFAULT NULL,
  `recorded` tinyint(4) NOT NULL DEFAULT 0,
  `roster_id` int(11) NOT NULL DEFAULT 0,
  `username` varchar(50) DEFAULT NULL,
  `level` tinyint(4) NOT NULL DEFAULT 1,
  `workspace_id` int(11) DEFAULT NULL,
  `school_id` varchar(4) DEFAULT NULL,
  `address` varchar(200) DEFAULT NULL,
  `archived` tinyint(4) NOT NULL DEFAULT 0
) ENGINE=MyISAM DEFAULT CHARSET=utf8;

--
-- Dumping data for table `users`
--

INSERT INTO `users` (`id`, `name`, `email`, `password`, `type`, `hash`, `status`, `grade`, `lname`, `recorded`, `roster_id`, `username`, `level`, `workspace_id`, `school_id`, `address`, `archived`) VALUES
(65, 'Superadmin', 'superadmin@gmail.com', 'bac78a4c5d02911fc0aa8aa0189b4ae916f6120b', 'superadmin', '0e39180dff0554f9e0c863f29d0065039392e9da', 1, 0, 'Super', 0, 0, 'superadmin', 1, NULL, NULL, NULL, 0),
(137, 'new student', 'susdesebb@yahoo.com', 'bac78a4c5d02911fc0aa8aa0189b4ae916f6120b', 'student', '83432fb60db908d1b73c1d4abc05aff30d195efc', 0, 0, 'cool', 0, 0, '321', 1, 132, NULL, NULL, 1),
(136, 'jon', 'jonsnow@gmail.com', 'bac78a4c5d02911fc0aa8aa0189b4ae916f6120b', 'student', '81e66eb760dafd0971519d6d017970da2fb7d236', 0, 0, 'snow', 0, 0, 'jonsnow', 1, 132, NULL, NULL, 1),
(135, '123', 'sunbox110@gmail.com', 'bac78a4c5d02911fc0aa8aa0189b4ae916f6120b', 'student', '01da32f39ef3eaadf0f28a315584d064ce119b98', 0, 0, '456', 0, 0, 'student123', 1, 132, NULL, NULL, 1),
(134, 'Teacher', 'it@stvincentla.net', 'bac78a4c5d02911fc0aa8aa0189b4ae916f6120b', 'teacher', '0e39180dff0554f9e0c863f29d0065039392e9da', 0, 0, 'sss', 0, 0, 'teacher', 1, 132, NULL, NULL, 0),
(133, 'test school', 'it@stvincentla.net', 'bac78a4c5d02911fc0aa8aa0189b4ae916f6120b', 'admin', '268e5a6a9d9bda86d0819ccd1ec71a539ca8568c', 1, 0, NULL, 0, 0, 'admin', 1, NULL, '0133', '1234 usa', 0),
(132, 'st vincent school', 'sunbox10@yahoo.com', 'bac78a4c5d02911fc0aa8aa0189b4ae916f6120b', 'admin', '50fb30e86cb3310f293884a63548046e4bfb5664', 1, 0, NULL, 0, 0, 'admin', 1, NULL, '0132', 'lon 123 los angeles', 0),
(138, 'Teacher Ana Kinder ', 'anakinder@gmail.com', 'bac78a4c5d02911fc0aa8aa0189b4ae916f6120b', 'teacher', '1c8e27ffaff221b74b1aec65bee016f6d6684048', 0, 0, NULL, 0, 0, 'teacherana', 1, 132, NULL, NULL, 0),
(139, 'Teacher Grade 1', 'teacherg1@gmail.com', 'bac78a4c5d02911fc0aa8aa0189b4ae916f6120b', 'teacher', 'cb29d1c252517f2f8d859eb985dfdacb6dbd3cde', 0, 0, NULL, 0, 0, 'teacherg1', 2, 132, NULL, NULL, 0),
(140, 'Teacher Grade 2', 'teacherg2@gmail.com', 'bac78a4c5d02911fc0aa8aa0189b4ae916f6120b', 'teacher', '80a47c893d229d7d1e9535c3d09a4d9cfe7bd960', 0, 0, NULL, 0, 0, 'teacherg2', 2, 132, NULL, NULL, 0),
(141, 'Teacher Grade 3', 'teacherg3@gmail.com', 'bac78a4c5d02911fc0aa8aa0189b4ae916f6120b', 'teacher', '7b6e5ddae444fdb96c9095835689013813b66f64', 0, 0, NULL, 0, 0, 'teacherg3', 2, 132, NULL, NULL, 0),
(142, 'Teacher Grade 4', 'teacherg4@gmail.com', 'bac78a4c5d02911fc0aa8aa0189b4ae916f6120b', 'teacher', '0e9179c5f8752c9ec7425df5f52c65835f7a8d83', 0, 0, NULL, 0, 0, 'teacherg4', 3, 132, NULL, NULL, 0),
(143, 'Teacher Grade 5', 'teacherg5@gmail.com', 'bac78a4c5d02911fc0aa8aa0189b4ae916f6120b', 'teacher', '01a447ad8a33442b29aea5ffc819c109b0470571', 0, 0, NULL, 0, 0, 'teacherg5', 3, 132, NULL, NULL, 0),
(144, 'Teacher Grade 6', 'teacherg6@gmail.com', 'bac78a4c5d02911fc0aa8aa0189b4ae916f6120b', 'teacher', '99738983d2813ee418798c6ca57a626b2ba1468a', 0, 0, NULL, 0, 0, 'teacherg6', 3, 132, NULL, NULL, 0),
(145, 'Teacher Grade 7', 'teacherg7@gmail.com', 'bac78a4c5d02911fc0aa8aa0189b4ae916f6120b', 'teacher', '636806ee45eb7ffca6bd80e2216f4b9348d24e5c', 0, 0, NULL, 0, 0, 'teacherg7', 3, 132, NULL, NULL, 0),
(146, 'Teacher Grade 8', 'teacher8@gmail.com', 'bac78a4c5d02911fc0aa8aa0189b4ae916f6120b', 'teacher', 'efb826225a65621bcfcff8636977e2febe65410e', 0, 0, NULL, 0, 0, 'teacherg8', 3, 132, NULL, NULL, 0),
(147, 'New new test', 'Ffg@yahoo.com', 'bac78a4c5d02911fc0aa8aa0189b4ae916f6120b', 'student', 'a1cc0bf1f2c406104bc5358d999b5c2ca2e25f33', 0, 0, 'Test', 0, 1, 'test123', 1, 132, NULL, NULL, 0),
(149, 'IT School', 'itadmin@gmail.com', 'bac78a4c5d02911fc0aa8aa0189b4ae916f6120b', 'admin', '8f93983b8e0c50cb2d755b02a0787bfd2068ef04', 1, 0, NULL, 0, 0, 'itadmin', 1, NULL, '0149', 'lon 123 los angeles', 0),
(151, 'teacher1', 'teacher1@gmail.com', 'bac78a4c5d02911fc0aa8aa0189b4ae916f6120b', 'teacher', '3ce21135f4a76c121e8c6e9a24b048fbe5f4cb05', 0, 0, 'teacher', 0, 0, 'teacher1', 1, 149, NULL, NULL, 0),
(156, 'student1', 'student1@gmail.com', 'bac78a4c5d02911fc0aa8aa0189b4ae916f6120b', 'student', 'b776506e5a54fba04cb2f02f14a9e95259a6e141', 0, 0, 'student1', 0, 14, 'student1', 1, 149, NULL, NULL, 0);

-- --------------------------------------------------------

--
-- Table structure for table `words`
--

CREATE TABLE `words` (
  `id` int(11) NOT NULL,
  `level` tinyint(4) DEFAULT 0,
  `word` varchar(30) DEFAULT NULL,
  `wo3_blends` varchar(30) DEFAULT '',
  `wo3_vowels` varchar(30) DEFAULT '',
  `wo3_complex` varchar(30) DEFAULT '',
  `wo3_inflected` varchar(30) DEFAULT '',
  `wo3_unnacented` varchar(30) DEFAULT '',
  `wo3_affixes` varchar(30) DEFAULT '',
  `wo3_reduced` varchar(30) DEFAULT '',
  `wo3_greek` varchar(30) DEFAULT '',
  `wo3_assimilated` varchar(30) DEFAULT '',
  `wo1_beginning` varchar(30) DEFAULT '',
  `wo1_final` varchar(30) DEFAULT '',
  `wo1_short` varchar(30) DEFAULT '',
  `wo1_consonant` varchar(30) DEFAULT '',
  `wo1_conblends` varchar(30) DEFAULT '',
  `wo1_longvow` varchar(30) DEFAULT '',
  `wo1_othervow` varchar(30) DEFAULT '',
  `wo1_inflected` varchar(30) DEFAULT '',
  `wo2_beginning` varchar(30) DEFAULT '',
  `wo2_final` varchar(30) DEFAULT '',
  `wo2_short` varchar(30) DEFAULT '',
  `wo2_consonant` varchar(30) DEFAULT '',
  `wo2_conblends` varchar(30) DEFAULT '',
  `wo2_longvow` varchar(30) DEFAULT '',
  `wo2_othervow` varchar(30) DEFAULT '',
  `wo2_inflected` varchar(30) DEFAULT '',
  `wo2_syllable` varchar(30) DEFAULT '',
  `wo2_unacented` varchar(30) DEFAULT '',
  `wo2_harder` varchar(30) DEFAULT '',
  `wo2_base` varchar(30) DEFAULT '',
  `audio` varchar(50) NOT NULL
) ENGINE=MyISAM DEFAULT CHARSET=utf8;

--
-- Dumping data for table `words`
--

INSERT INTO `words` (`id`, `level`, `word`, `wo3_blends`, `wo3_vowels`, `wo3_complex`, `wo3_inflected`, `wo3_unnacented`, `wo3_affixes`, `wo3_reduced`, `wo3_greek`, `wo3_assimilated`, `wo1_beginning`, `wo1_final`, `wo1_short`, `wo1_consonant`, `wo1_conblends`, `wo1_longvow`, `wo1_othervow`, `wo1_inflected`, `wo2_beginning`, `wo2_final`, `wo2_short`, `wo2_consonant`, `wo2_conblends`, `wo2_longvow`, `wo2_othervow`, `wo2_inflected`, `wo2_syllable`, `wo2_unacented`, `wo2_harder`, `wo2_base`, `audio`) VALUES
(1, 1, 'fan', '', '', '', '', '', '', '', '', '', 'f', 'n', 'a', '', '', '', '', '', '', '', '', '', '', '', '', '', '', '', '', '', '1568375280_1_audio.mp3'),
(2, 1, 'pet', '', '', '', '', '', '', '', '', '', 'p', 't', 'e', '', '', '', '', '', '', '', '', '', '', '', '', '', '', '', '', '', '1568375313_2_audio.mp3'),
(3, 1, 'dig', '', '', '', '', '', '', '', '', '', 'd', 'g', 'i', '', '', '', '', '', '', '', '', '', '', '', '', '', '', '', '', '', '1568375319_3_audio.mp3'),
(4, 1, 'rob', '', '', '', '', '', '', '', '', '', 'r', 'b', 'o', '', '', '', '', '', '', '', '', '', '', '', '', '', '', '', '', '', '1568375326_4_audio.mp3'),
(5, 1, 'hope', '', '', '', '', '', '', '', '', '', 'h', 'p', '', '', '', 'o-e', '', '', '', '', '', '', '', '', '', '', '', '', '', '', '1568375333_5_audio.mp3'),
(6, 1, 'wait', '', '', '', '', '', '', '', '', '', 'w', 't', '', '', '', 'ai', '', '', '', '', '', '', '', '', '', '', '', '', '', '', '1568375340_6_audio.mp3'),
(7, 1, 'gum', '', '', '', '', '', '', '', '', '', 'g', 'm', 'u', '', '', '', '', '', '', '', '', '', '', '', '', '', '', '', '', '', '1568375346_7_audio.mp3'),
(8, 1, 'sled', '', '', '', '', '', '', '', '', '', '', '', 'e', '', 'sl', '', '', '', '', '', '', '', '', '', '', '', '', '', '', '', '1568375352_8_audio.mp3'),
(9, 1, 'stick', '', '', '', '', '', '', '', '', '', '', '', 'i', '', 'st', '', '', '', '', '', '', '', '', '', '', '', '', '', '', '', '1568375359_9_audio.mp3'),
(10, 1, 'shine', '', '', '', '', '', '', '', '', '', '', '', '', 'sh', '', 'i-e', '', '', '', '', '', '', '', '', '', '', '', '', '', '', '1568375365_10_audio.mp3'),
(11, 1, 'dream', '', '', '', '', '', '', '', '', '', '', '', '', '', 'dr', 'ea', '', '', '', '', '', '', '', '', '', '', '', '', '', '', '1568375374_11_audio.mp3'),
(12, 1, 'blade', '', '', '', '', '', '', '', '', '', '', '', '', '', 'bl', 'a-e', '', '', '', '', '', '', '', '', '', '', '', '', '', '', '1568375383_12_audio.mp3'),
(13, 1, 'coach', '', '', '', '', '', '', '', '', '', '', '', '', 'ch', '', 'oa', '', '', '', '', '', '', '', '', '', '', '', '', '', '', '1568375390_13_audio.mp3'),
(14, 1, 'fright', '', '', '', '', '', '', '', '', '', '', '', '', '', 'fr', 'igh', '', '', '', '', '', '', '', '', '', '', '', '', '', '', '1568375398_14_audio.mp3'),
(15, 1, 'chewed', '', '', '', '', '', '', '', '', '', '', '', '', 'ch', '', '', 'ew', 'ed', '', '', '', '', '', '', '', '', '', '', '', '', '1568375404_15_audio.mp3'),
(16, 1, 'crawl', '', '', '', '', '', '', '', '', '', '', '', '', '', 'cr', '', 'aw', '', '', '', '', '', '', '', '', '', '', '', '', '', '1568375411_16_audio.mp3'),
(17, 1, 'wishes', '', '', '', '', '', '', '', '', '', '', '', '', 'sh', '', '', '', 'es', '', '', '', '', '', '', '', '', '', '', '', '', '1568375418_17_audio.mp3'),
(18, 1, 'thorn', '', '', '', '', '', '', '', '', '', '', '', '', 'th', '', '', 'or', '', '', '', '', '', '', '', '', '', '', '', '', '', '1568375489_18_audio.mp3'),
(19, 1, 'shouted', '', '', '', '', '', '', '', '', '', '', '', '', 'sh', '', '', 'ou', 'ed', '', '', '', '', '', '', '', '', '', '', '', '', '1568375499_19_audio.mp3'),
(20, 1, 'spoil', '', '', '', '', '', '', '', '', '', '', '', '', '', 'sp', '', 'oi', '', '', '', '', '', '', '', '', '', '', '', '', '', '1568375510_20_audio.mp3'),
(21, 1, 'growl', '', '', '', '', '', '', '', '', '', '', '', '', '', '', '', 'ow', '', '', '', '', '', '', '', '', '', '', '', '', '', '1568375518_21_audio.mp3'),
(22, 1, 'third', '', '', '', '', '', '', '', '', '', '', '', '', 'th', '', '', 'ir', '', '', '', '', '', '', '', '', '', '', '', '', '', '1568375523_22_audio.mp3'),
(23, 1, 'camped', '', '', '', '', '', '', '', '', '', '', '', '', '', '', '', '', 'ed', '', '', '', '', '', '', '', '', '', '', '', '', '1568375531_23_audio.mp3'),
(24, 1, 'tries', '', '', '', '', '', '', '', '', '', '', '', '', '', '', '', '', 'ies', '', '', '', '', '', '', '', '', '', '', '', '', '1568375539_24_audio.mp3'),
(25, 1, 'clapping', '', '', '', '', '', '', '', '', '', '', '', '', '', '', '', '', 'pping', '', '', '', '', '', '', '', '', '', '', '', '', '1568375861_25_audio.mp3'),
(26, 1, 'riding', '', '', '', '', '', '', '', '', '', '', '', '', '', '', '', '', 'ding', '', '', '', '', '', '', '', '', '', '', '', '', '1568375873_26_audio.mp3'),
(27, 2, 'bed', '', '', '', '', '', '', '', '', '', '', '', '', '', '', '', '', '', 'b', 'd', 'e', '', '', '', '', '', '', '', '', '', '1568375929_27_audio.mp3'),
(28, 2, 'ship', '', '', '', '', '', '', '', '', '', '', '', '', '', '', '', '', '', '', 'p', 'i', 'sh', '', '', '', '', '', '', '', '', '1568375944_28_audio.mp3'),
(29, 2, 'when', '', '', '', '', '', '', '', '', '', '', '', '', '', '', '', '', '', '', '', 'e', 'wh', '', '', '', '', '', '', '', '', '1568375952_29_audio.mp3'),
(30, 2, 'lump', '', '', '', '', '', '', '', '', '', '', '', '', '', '', '', '', '', 'l', '', 'u', '', 'mp', '', '', '', '', '', '', '', '1568375981_30_audio.mp3'),
(31, 2, 'float', '', '', '', '', '', '', '', '', '', '', '', '', '', '', '', '', '', '', 't', '', '', 'fl', 'oa', '', '', '', '', '', '', '1568376005_31_audio.mp3'),
(32, 2, 'train', '', '', '', '', '', '', '', '', '', '', '', '', '', '', '', '', '', '', 'n', '', '', 'tr', 'ai', '', '', '', '', '', '', '1568376015_32_audio.mp3'),
(33, 2, 'place', '', '', '', '', '', '', '', '', '', '', '', '', '', '', '', '', '', '', '', '', '', 'pl', 'a-e', '', '', '', '', '', '', '1568376023_33_audio.mp3'),
(34, 2, 'drive', '', '', '', '', '', '', '', '', '', '', '', '', '', '', '', '', '', '', 'v', '', '', 'dr', 'i-e', '', '', '', '', '', '', '1568376035_34_audio.mp3'),
(35, 2, 'bright', '', '', '', '', '', '', '', '', '', '', '', '', '', '', '', '', '', '', '', '', '', 'br', 'igh', '', '', '', '', '', '', '1568376044_35_audio.mp3'),
(36, 2, 'shopping', '', '', '', '', '', '', '', '', '', '', '', '', '', '', '', '', '', '', '', 'o', 'sh', '', '', '', 'pping', '', '', '', '', '1568376056_36_audio.mp3'),
(37, 2, 'spoil', '', '', '', '', '', '', '', '', '', '', '', '', '', '', '', '', '', '', '', '', '', 'sp', '', 'oi', '', '', '', '', '', '1568376064_37_audio.mp3'),
(38, 2, 'serving', '', '', '', '', '', '', '', '', '', '', '', '', '', '', '', '', '', '', '', '', '', '', '', 'er', 'ving', '', '', '', '', '1568376073_38_audio.mp3'),
(39, 2, 'chewed', '', '', '', '', '', '', '', '', '', '', '', '', '', '', '', '', '', '', '', '', 'ch', '', '', 'ew', 'ed', '', '', '', '', '1568376081_39_audio.mp3'),
(40, 2, 'carries', '', '', '', '', '', '', '', '', '', '', '', '', '', '', '', '', '', '', '', '', '', '', '', 'ar', 'ies', 'rr', '', '', '', '1568376092_40_audio.mp3'),
(41, 2, 'marched', '', '', '', '', '', '', '', '', '', '', '', '', '', '', '', '', '', '', '', '', 'ch', '', '', 'ar', 'ed', '', '', '', '', '1568376108_41_audio.mp3'),
(42, 2, 'shower', '', '', '', '', '', '', '', '', '', '', '', '', '', '', '', '', '', '', '', '', 'sh', '', '', 'ow', '', '', 'er', '', '', '1568376116_42_audio.mp3'),
(43, 2, 'bottle', '', '', '', '', '', '', '', '', '', '', '', '', '', '', '', '', '', '', '', '', '', '', '', '', '', 'tt', 'le', '', '', '1568376402_43_audio.mp3'),
(44, 2, 'favor', '', '', '', '', '', '', '', '', '', '', '', '', '', '', '', '', '', '', '', '', '', '', '', '', '', 'v', 'or', '', '', '1568376414_44_audio.mp3'),
(45, 2, 'ripen', '', '', '', '', '', '', '', '', '', '', '', '', '', '', '', '', '', '', '', '', '', '', '', '', '', 'p', 'en', '', '', '1568376424_45_audio.mp3'),
(46, 2, 'cellar', '', '', '', '', '', '', '', '', '', '', '', '', '', '', '', '', '', '', '', '', '', '', '', '', '', 'll', 'ar', '', '', '1568376463_46_audio.mp3'),
(47, 2, 'pleasure', '', '', '', '', '', '', '', '', '', '', '', '', '', '', '', '', '', '', '', '', '', '', '', '', '', '', '', 'ure', 'pleas', '1568376474_47_audio.mp3'),
(48, 2, 'fortunate', '', '', '', '', '', '', '', '', '', '', '', '', '', '', '', '', '', '', '', '', '', '', '', 'or', '', '', '', 'ate', 'fortun', '1568376483_48_audio.mp3'),
(49, 2, 'confident', '', '', '', '', '', '', '', '', '', '', '', '', '', '', '', '', '', '', '', '', '', '', '', '', '', '', '', 'ent', 'confid', '1568376512_49_audio.mp3'),
(50, 2, 'civilize', '', '', '', '', '', '', '', '', '', '', '', '', '', '', '', '', '', '', '', '', '', '', '', '', '', '', '', 'ize', 'civil', '1568376652_50_audio.mp3'),
(51, 2, 'opposition', '', '', '', '', '', '', '', '', '', '', '', '', '', '', '', '', '', '', '', '', '', '', '', '', '', '', '', 'tion', 'pos', '1568376667_51_audio.mp3'),
(52, 3, 'switch', 'sw', 'i', 'tch', '', '', '', '', '', '', '', '', '', '', '', '', '', '', '', '', '', '', '', '', '', '', '', '', '', '', '1568376679_52_audio.mp3'),
(53, 3, 'smudge', 'sm', 'u', 'dge', '', '', '', '', '', '', '', '', '', '', '', '', '', '', '', '', '', '', '', '', '', '', '', '', '', '', '1568376692_53_audio.mp3'),
(54, 3, 'trapped', 'tr', '', '', 'pped', '', '', '', '', '', '', '', '', '', '', '', '', '', '', '', '', '', '', '', '', '', '', '', '', '', '1568376701_54_audio.mp3'),
(55, 3, 'scrape', '', 'a-e', 'scr', '', '', '', '', '', '', '', '', '', '', '', '', '', '', '', '', '', '', '', '', '', '', '', '', '', '', '1568376712_55_audio.mp3'),
(56, 3, 'knotted', '', 'o', 'kn', 'tted', '', '', '', '', '', '', '', '', '', '', '', '', '', '', '', '', '', '', '', '', '', '', '', '', '', '1568376721_56_audio.mp3'),
(57, 3, 'shaving', 'sh', '', '', 'ving', '', '', '', '', '', '', '', '', '', '', '', '', '', '', '', '', '', '', '', '', '', '', '', '', '', '1568376733_57_audio.mp3'),
(58, 3, 'squirt', '', 'ir', 'squ', '', '', '', '', '', '', '', '', '', '', '', '', '', '', '', '', '', '', '', '', '', '', '', '', '', '', '1568376741_58_audio.mp3'),
(59, 3, 'pounce', '', 'ou', 'ce', '', '', '', '', '', '', '', '', '', '', '', '', '', '', '', '', '', '', '', '', '', '', '', '', '', '', '1568376754_59_audio.mp3'),
(60, 3, 'scratches', '', 'a', 'tch', 'es', '', '', '', '', '', '', '', '', '', '', '', '', '', '', '', '', '', '', '', '', '', '', '', '', '', '1568376763_60_audio.mp3'),
(61, 3, 'crater', 'cr', '', '', 't', 'er', '', '', '', '', '', '', '', '', '', '', '', '', '', '', '', '', '', '', '', '', '', '', '', '', '1568376771_61_audio.mp3'),
(62, 3, 'sailor', '', 'ai', '', '', 'or', '', '', '', '', '', '', '', '', '', '', '', '', '', '', '', '', '', '', '', '', '', '', '', '', '1568376782_62_audio.mp3'),
(63, 3, 'village', '', '', '', 'll', 'age', '', '', '', '', '', '', '', '', '', '', '', '', '', '', '', '', '', '', '', '', '', '', '', '', '1568376796_63_audio.mp3'),
(64, 3, 'disloyal', '', 'oy', '', '', 'al', 'dis', '', '', '', '', '', '', '', '', '', '', '', '', '', '', '', '', '', '', '', '', '', '', '', '1568376808_64_audio.mp3'),
(65, 3, 'tunnel', '', '', '', 'nn', 'el', '', '', '', '', '', '', '', '', '', '', '', '', '', '', '', '', '', '', '', '', '', '', '', '', '1568376821_65_audio.mp3'),
(66, 3, 'humor', '', '', '', 'm', 'or', '', '', '', '', '', '', '', '', '', '', '', '', '', '', '', '', '', '', '', '', '', '', '', '', '1568376829_66_audio.mp3'),
(67, 3, 'confidence', '', '', '', '', '', 'con', 'fid', '', '', '', '', '', '', '', '', '', '', '', '', '', '', '', '', '', '', '', '', '', '', '1568376844_67_audio.mp3'),
(68, 3, 'fortunate', '', '', '', '', 'ate', '', '', 'fortun', '', '', '', '', '', '', '', '', '', '', '', '', '', '', '', '', '', '', '', '', '', '1568376854_68_audio.mp3'),
(69, 3, 'visible', '', '', '', '', '', 'ible', '', 'vis', '', '', '', '', '', '', '', '', '', '', '', '', '', '', '', '', '', '', '', '', '', '1568376864_69_audio.mp3'),
(70, 3, 'circumference', '', '', '', '', '', 'ence', '', 'circum', '', '', '', '', '', '', '', '', '', '', '', '', '', '', '', '', '', '', '', '', '', '1568376873_70_audio.mp3'),
(71, 3, 'civilization', '', '', '', '', '', '', 'liz', 'civil', '', '', '', '', '', '', '', '', '', '', '', '', '', '', '', '', '', '', '', '', '', '1568376885_71_audio.mp3'),
(72, 3, 'monarchy', '', '', '', '', '', '', '', 'arch', '', '', '', '', '', '', '', '', '', '', '', '', '', '', '', '', '', '', '', '', '', '1568376903_72_audio.mp3'),
(73, 3, 'dominance', '', '', '', '', '', 'ance', 'min', '', '', '', '', '', '', '', '', '', '', '', '', '', '', '', '', '', '', '', '', '', '', '1568376945_73_audio.mp3'),
(74, 3, 'correspond', '', '', '', '', '', '', 'res', '', 'rr', '', '', '', '', '', '', '', '', '', '', '', '', '', '', '', '', '', '', '', '', '1568376956_74_audio.mp3'),
(75, 3, 'illiterate', '', '', '', '', 'ate', '', '', '', 'll', '', '', '', '', '', '', '', '', '', '', '', '', '', '', '', '', '', '', '', '', '1568376969_75_audio.mp3'),
(76, 3, 'emphasize', '', '', '', '', '', 'size', 'pha', '', '', '', '', '', '', '', '', '', '', '', '', '', '', '', '', '', '', '', '', '', '', '1568376981_76_audio.mp3'),
(77, 3, 'opposition', '', '', '', '', '', '', 'pos', '', 'pp', '', '', '', '', '', '', '', '', '', '', '', '', '', '', '', '', '', '', '', '', '1568376991_77_audio.mp3'),
(78, 3, 'chlorine', '', '', '', '', '', 'ine', '', 'chlor', '', '', '', '', '', '', '', '', '', '', '', '', '', '', '', '', '', '', '', '', '', '1568377001_78_audio.mp3'),
(79, 3, 'commotion', '', '', '', '', '', 'tion', '', '', 'mm', '', '', '', '', '', '', '', '', '', '', '', '', '', '', '', '', '', '', '', '', '1568377011_79_audio.mp3'),
(80, 3, 'medicinal', '', '', '', '', 'al', '', '', 'medic', '', '', '', '', '', '', '', '', '', '', '', '', '', '', '', '', '', '', '', '', '', '1568377021_80_audio.mp3'),
(81, 3, 'irresponsible', '', '', '', '', '', 'ible', 'res', '', 'rr', '', '', '', '', '', '', '', '', '', '', '', '', '', '', '', '', '', '', '', '', '1568377029_81_audio.mp3'),
(82, 3, 'succession', '', '', '', '', '', 'sion', '', '', 'cc', '', '', '', '', '', '', '', '', '', '', '', '', '', '', '', '', '', '', '', '', '1568377037_82_audio.mp3');

-- --------------------------------------------------------

--
-- Table structure for table `words_audios`
--

CREATE TABLE `words_audios` (
  `id` int(11) NOT NULL,
  `word_id` int(11) DEFAULT NULL,
  `teacher_id` int(11) DEFAULT NULL,
  `audio` varchar(50) DEFAULT NULL
) ENGINE=MyISAM DEFAULT CHARSET=utf8;

--
-- Indexes for dumped tables
--

--
-- Indexes for table `options`
--
ALTER TABLE `options`
  ADD PRIMARY KEY (`id`),
  ADD KEY `op` (`option`) USING BTREE;

--
-- Indexes for table `plans`
--
ALTER TABLE `plans`
  ADD PRIMARY KEY (`id`);

--
-- Indexes for table `rosters`
--
ALTER TABLE `rosters`
  ADD PRIMARY KEY (`id`),
  ADD KEY `wid` (`workspace_id`);

--
-- Indexes for table `students_tests`
--
ALTER TABLE `students_tests`
  ADD PRIMARY KEY (`id`),
  ADD KEY `st` (`student_id`) USING BTREE,
  ADD KEY `sttid` (`student_id`,`test_id`) USING BTREE,
  ADD KEY `sta` (`status`) USING BTREE,
  ADD KEY `wid` (`workspace_id`);

--
-- Indexes for table `students_tests_answers`
--
ALTER TABLE `students_tests_answers`
  ADD PRIMARY KEY (`id`),
  ADD KEY `te` (`students_tests_id`) USING BTREE,
  ADD KEY `tewo` (`students_tests_id`,`word_id`) USING BTREE,
  ADD KEY `wid` (`workspace_id`);

--
-- Indexes for table `subscriptions`
--
ALTER TABLE `subscriptions`
  ADD PRIMARY KEY (`id`),
  ADD KEY `wid` (`workspace_id`);

--
-- Indexes for table `tests`
--
ALTER TABLE `tests`
  ADD PRIMARY KEY (`id`),
  ADD KEY `ridtid` (`teacher_id`,`roster_id`) USING BTREE,
  ADD KEY `ridst` (`roster_id`,`status`) USING BTREE,
  ADD KEY `wid` (`workspace_id`);

--
-- Indexes for table `trial`
--
ALTER TABLE `trial`
  ADD PRIMARY KEY (`id`),
  ADD KEY `wid` (`workspace_id`);

--
-- Indexes for table `users`
--
ALTER TABLE `users`
  ADD PRIMARY KEY (`id`),
  ADD KEY `em` (`email`) USING BTREE,
  ADD KEY `ha` (`hash`) USING BTREE,
  ADD KEY `ps` (`password`) USING BTREE,
  ADD KEY `ty` (`type`) USING BTREE,
  ADD KEY `una` (`username`),
  ADD KEY `wid` (`workspace_id`),
  ADD KEY `sid` (`school_id`),
  ADD KEY `arc` (`archived`);

--
-- Indexes for table `words`
--
ALTER TABLE `words`
  ADD PRIMARY KEY (`id`),
  ADD KEY `se` (`level`,`word`) USING BTREE;

--
-- Indexes for table `words_audios`
--
ALTER TABLE `words_audios`
  ADD PRIMARY KEY (`id`),
  ADD KEY `wote` (`word_id`,`teacher_id`) USING BTREE;

--
-- AUTO_INCREMENT for dumped tables
--

--
-- AUTO_INCREMENT for table `options`
--
ALTER TABLE `options`
  MODIFY `id` int(11) NOT NULL AUTO_INCREMENT, AUTO_INCREMENT=25;

--
-- AUTO_INCREMENT for table `plans`
--
ALTER TABLE `plans`
  MODIFY `id` int(10) UNSIGNED NOT NULL AUTO_INCREMENT, AUTO_INCREMENT=5;

--
-- AUTO_INCREMENT for table `rosters`
--
ALTER TABLE `rosters`
  MODIFY `id` int(11) NOT NULL AUTO_INCREMENT, AUTO_INCREMENT=15;

--
-- AUTO_INCREMENT for table `students_tests`
--
ALTER TABLE `students_tests`
  MODIFY `id` int(11) NOT NULL AUTO_INCREMENT, AUTO_INCREMENT=24;

--
-- AUTO_INCREMENT for table `students_tests_answers`
--
ALTER TABLE `students_tests_answers`
  MODIFY `id` int(11) NOT NULL AUTO_INCREMENT, AUTO_INCREMENT=305;

--
-- AUTO_INCREMENT for table `subscriptions`
--
ALTER TABLE `subscriptions`
  MODIFY `id` int(11) NOT NULL AUTO_INCREMENT, AUTO_INCREMENT=2;

--
-- AUTO_INCREMENT for table `tests`
--
ALTER TABLE `tests`
  MODIFY `id` int(11) NOT NULL AUTO_INCREMENT, AUTO_INCREMENT=15;

--
-- AUTO_INCREMENT for table `trial`
--
ALTER TABLE `trial`
  MODIFY `id` int(11) NOT NULL AUTO_INCREMENT, AUTO_INCREMENT=7;

--
-- AUTO_INCREMENT for table `users`
--
ALTER TABLE `users`
  MODIFY `id` int(11) UNSIGNED NOT NULL AUTO_INCREMENT, AUTO_INCREMENT=160;

--
-- AUTO_INCREMENT for table `words`
--
ALTER TABLE `words`
  MODIFY `id` int(11) NOT NULL AUTO_INCREMENT, AUTO_INCREMENT=83;

--
-- AUTO_INCREMENT for table `words_audios`
--
ALTER TABLE `words_audios`
  MODIFY `id` int(11) NOT NULL AUTO_INCREMENT, AUTO_INCREMENT=12;
COMMIT;

/*!40101 SET CHARACTER_SET_CLIENT=@OLD_CHARACTER_SET_CLIENT */;
/*!40101 SET CHARACTER_SET_RESULTS=@OLD_CHARACTER_SET_RESULTS */;
/*!40101 SET COLLATION_CONNECTION=@OLD_COLLATION_CONNECTION */;
